[28Juni2026 14:47:05.388] [main/INFO] [cpw.mods.modlauncher.Launcher/MODLAUNCHER]: ModLauncher running: args [--launchTarget, forge_userdev_client, --version, MOD_DEV, --assetIndex, 17, --assetsDir, C:\Users\samue\.gradle\caches\forge_gradle\assets, --gameDir, ., --username, Dev2, --mixin.config, mixins.inventory_dimension.json]
[28Juni2026 14:47:05.504] [main/INFO] [cpw.mods.modlauncher.Launcher/MODLAUNCHER]: JVM identified as Eclipse Adoptium OpenJDK 64-Bit Server VM 21.0.5+11-LTS
[28Juni2026 14:47:05.508] [main/INFO] [cpw.mods.modlauncher.Launcher/MODLAUNCHER]: ModLauncher 10.2.1 starting: java version 21.0.5 by Eclipse Adoptium; OS Windows 11 arch amd64 version 10.0
[28Juni2026 14:47:05.704] [main/DEBUG] [cpw.mods.modlauncher.LaunchServiceHandler/MODLAUNCHER]: Found launch services [forge_userdev_client,forge_dev_data,minecraft,forge_userdev_server_gametest,forge_dev_client,forge_userdev_data,forge_dev_server_gametest,testharness,forge_userdev_server,forge_client,forge_dev_server,forge_server]
[28Juni2026 14:47:05.762] [main/DEBUG] [cpw.mods.modlauncher.NameMappingServiceHandler/MODLAUNCHER]: Found naming services : [srgtomcp]
[28Juni2026 14:47:05.841] [main/DEBUG] [cpw.mods.modlauncher.LaunchPluginHandler/MODLAUNCHER]: Found launch plugins: [mixin,eventbus,slf4jfixer,object_holder_definalize,runtime_enum_extender,capability_token_subclass,accesstransformer,runtimedistcleaner]
[28Juni2026 14:47:05.877] [main/DEBUG] [cpw.mods.modlauncher.TransformationServicesHandler/MODLAUNCHER]: Discovering transformation services
[28Juni2026 14:47:05.888] [main/DEBUG] [net.minecraftforge.fml.loading.FMLPaths/CORE]: Path GAMEDIR is C:\Users\samue\Documents\Programmieren\Modding\Inventory_Dimension\run2
[28Juni2026 14:47:05.889] [main/DEBUG] [net.minecraftforge.fml.loading.FMLPaths/CORE]: Path MODSDIR is C:\Users\samue\Documents\Programmieren\Modding\Inventory_Dimension\run2\mods
[28Juni2026 14:47:05.890] [main/DEBUG] [net.minecraftforge.fml.loading.FMLPaths/CORE]: Path CONFIGDIR is C:\Users\samue\Documents\Programmieren\Modding\Inventory_Dimension\run2\config
[28Juni2026 14:47:05.891] [main/DEBUG] [net.minecraftforge.fml.loading.FMLPaths/CORE]: Path FMLCONFIG is C:\Users\samue\Documents\Programmieren\Modding\Inventory_Dimension\run2\config\fml.toml
[28Juni2026 14:47:06.313] [main/INFO] [net.minecraftforge.fml.loading.ImmediateWindowHandler/]: Loading ImmediateWindowProvider fmlearlywindow
[28Juni2026 14:47:07.408] [main/INFO] [EARLYDISPLAY/]: Trying GL version 4.6
[28Juni2026 14:47:07.651] [main/INFO] [EARLYDISPLAY/]: Requested GL version 4.6 got version 4.6
[28Juni2026 14:47:07.834] [main/DEBUG] [cpw.mods.modlauncher.TransformationServicesHandler/MODLAUNCHER]: Found transformer service: fml: /
[28Juni2026 14:47:07.842] [main/DEBUG] [cpw.mods.modlauncher.TransformationServicesHandler/MODLAUNCHER]: Found transformer service: mixin: /
[28Juni2026 14:47:07.843] [main/DEBUG] [cpw.mods.modlauncher.TransformationServicesHandler/MODLAUNCHER]: Transformation services loading
[28Juni2026 14:47:07.900] [main/DEBUG] [cpw.mods.modlauncher.TransformationServiceDecorator/MODLAUNCHER]: Loading service mixin
[28Juni2026 14:47:07.901] [main/DEBUG] [cpw.mods.modlauncher.TransformationServiceDecorator/MODLAUNCHER]: Loaded service mixin
[28Juni2026 14:47:07.901] [main/DEBUG] [cpw.mods.modlauncher.TransformationServiceDecorator/MODLAUNCHER]: Loading service fml
[28Juni2026 14:47:07.990] [main/DEBUG] [net.minecraftforge.fml.loading.FMLLoader/CORE]: Detected version data : VersionInfo[forgeVersion=51.0.33, mcVersion=1.21, mcpVersion=20240613.102039, forgeGroup=net.minecraftforge]
[28Juni2026 14:47:07.992] [main/DEBUG] [net.minecraftforge.fml.loading.LauncherVersion/CORE]: Found FMLLauncher version 51.0.33
[28Juni2026 14:47:07.993] [main/DEBUG] [net.minecraftforge.fml.loading.FMLLoader/CORE]: FML 51.0.33 loading
[28Juni2026 14:47:07.994] [main/DEBUG] [net.minecraftforge.fml.loading.FMLLoader/CORE]: Found ModLauncher version: 10.2.1
[28Juni2026 14:47:07.996] [main/DEBUG] [net.minecraftforge.fml.loading.FMLLoader/CORE]: Found AccessTransformer version: 8.2.0
[28Juni2026 14:47:07.997] [main/DEBUG] [net.minecraftforge.fml.loading.FMLLoader/CORE]: Found EventBus version: 6.2.8
[28Juni2026 14:47:07.999] [main/DEBUG] [net.minecraftforge.fml.loading.FMLLoader/CORE]: Found RuntimeDistCleaner version: 51.0.33
[28Juni2026 14:47:08.004] [main/DEBUG] [net.minecraftforge.fml.loading.FMLLoader/CORE]: FML found CoreMod version : 5.1.6
[28Juni2026 14:47:08.006] [main/DEBUG] [net.minecraftforge.fml.loading.FMLLoader/CORE]: Found ForgeSPI version: 7.1.4
[28Juni2026 14:47:08.007] [main/DEBUG] [cpw.mods.modlauncher.TransformationServiceDecorator/MODLAUNCHER]: Loaded service fml
[28Juni2026 14:47:08.010] [main/DEBUG] [cpw.mods.modlauncher.TransformationServicesHandler/MODLAUNCHER]: Configuring option handling for services
[28Juni2026 14:47:08.066] [main/DEBUG] [cpw.mods.modlauncher.TransformationServicesHandler/MODLAUNCHER]: Transformation services initializing
[28Juni2026 14:47:08.082] [main/DEBUG] [cpw.mods.modlauncher.TransformationServiceDecorator/MODLAUNCHER]: Initializing transformation service mixin
[28Juni2026 14:47:08.535] [main/DEBUG] [mixin/]: MixinService [ModLauncher] was successfully booted in SecureModuleClassLoader[SECURE-BOOTSTRAP]@494317290
[28Juni2026 14:47:08.754] [main/INFO] [mixin/]: SpongePowered MIXIN Subsystem Version=0.8.7 Source=jar:file:///C:/Users/samue/.gradle/caches/modules-2/files-2.1/org.spongepowered/mixin/0.8.7/8ab114ac385e6dbdad5efafe28aba4df8120915f/mixin-0.8.7.jar!/ Service=ModLauncher Env=CLIENT
[28Juni2026 14:47:09.557] [EarlyDisplay/INFO] [EARLYDISPLAY/]: GL info: Intel(R) UHD Graphics GL version 4.6.0 - Build 30.0.101.3111, Intel
[28Juni2026 14:47:10.371] [main/DEBUG] [mixin/]: Initialising Mixin Platform Manager
[28Juni2026 14:47:10.381] [main/DEBUG] [mixin/]: Adding mixin platform agents for container ModLauncher Root Container(ModLauncher:4f56a0a2)
[28Juni2026 14:47:10.398] [main/DEBUG] [mixin/]: Instancing new MixinPlatformAgentMinecraftForge for ModLauncher Root Container(ModLauncher:4f56a0a2)
[28Juni2026 14:47:10.410] [main/DEBUG] [mixin/]: MixinPlatformAgentMinecraftForge rejected container ModLauncher Root Container(ModLauncher:4f56a0a2)
[28Juni2026 14:47:10.450] [main/DEBUG] [mixin/]: Instancing new MixinPlatformAgentDefault for ModLauncher Root Container(ModLauncher:4f56a0a2)
[28Juni2026 14:47:10.451] [main/DEBUG] [mixin/]: MixinPlatformAgentDefault accepted container ModLauncher Root Container(ModLauncher:4f56a0a2)
[28Juni2026 14:47:10.474] [main/DEBUG] [cpw.mods.modlauncher.TransformationServiceDecorator/MODLAUNCHER]: Initialized transformation service mixin
[28Juni2026 14:47:10.474] [main/DEBUG] [cpw.mods.modlauncher.TransformationServiceDecorator/MODLAUNCHER]: Initializing transformation service fml
[28Juni2026 14:47:10.493] [main/DEBUG] [net.minecraftforge.fml.loading.FMLServiceProvider/CORE]: Setting up basic FML game directories
[28Juni2026 14:47:10.495] [main/DEBUG] [net.minecraftforge.fml.loading.FMLPaths/CORE]: Path GAMEDIR is C:\Users\samue\Documents\Programmieren\Modding\Inventory_Dimension\run2
[28Juni2026 14:47:10.496] [main/DEBUG] [net.minecraftforge.fml.loading.FMLPaths/CORE]: Path MODSDIR is C:\Users\samue\Documents\Programmieren\Modding\Inventory_Dimension\run2\mods
[28Juni2026 14:47:10.499] [main/DEBUG] [net.minecraftforge.fml.loading.FMLPaths/CORE]: Path CONFIGDIR is C:\Users\samue\Documents\Programmieren\Modding\Inventory_Dimension\run2\config
[28Juni2026 14:47:10.500] [main/DEBUG] [net.minecraftforge.fml.loading.FMLPaths/CORE]: Path FMLCONFIG is C:\Users\samue\Documents\Programmieren\Modding\Inventory_Dimension\run2\config\fml.toml
[28Juni2026 14:47:10.508] [main/DEBUG] [net.minecraftforge.fml.loading.FMLServiceProvider/CORE]: Loading configuration
[28Juni2026 14:47:10.593] [main/DEBUG] [net.minecraftforge.fml.loading.FMLServiceProvider/CORE]: Preparing ModFile
[28Juni2026 14:47:10.637] [main/DEBUG] [net.minecraftforge.fml.loading.FMLServiceProvider/CORE]: Preparing launch handler
[28Juni2026 14:47:10.640] [main/DEBUG] [net.minecraftforge.fml.loading.FMLLoader/CORE]: Using forge_userdev_client as launch service
[28Juni2026 14:47:10.745] [main/DEBUG] [cpw.mods.modlauncher.TransformationServiceDecorator/MODLAUNCHER]: Initialized transformation service fml
[28Juni2026 14:47:10.746] [main/DEBUG] [cpw.mods.modlauncher.NameMappingServiceHandler/MODLAUNCHER]: Current naming domain is 'mcp'
[28Juni2026 14:47:10.756] [main/DEBUG] [cpw.mods.modlauncher.NameMappingServiceHandler/MODLAUNCHER]: Identified name mapping providers {srg=net.minecraftforge.fml.loading.MCPNamingService@720653c2}
[28Juni2026 14:47:10.757] [main/DEBUG] [cpw.mods.modlauncher.TransformationServicesHandler/MODLAUNCHER]: Transformation services begin scanning
[28Juni2026 14:47:10.773] [main/DEBUG] [cpw.mods.modlauncher.TransformationServiceDecorator/MODLAUNCHER]: Beginning scan trigger - transformation service mixin
[28Juni2026 14:47:10.777] [main/DEBUG] [cpw.mods.modlauncher.TransformationServiceDecorator/MODLAUNCHER]: End scan trigger - transformation service mixin
[28Juni2026 14:47:10.778] [main/DEBUG] [cpw.mods.modlauncher.TransformationServiceDecorator/MODLAUNCHER]: Beginning scan trigger - transformation service fml
[28Juni2026 14:47:10.778] [main/DEBUG] [net.minecraftforge.fml.loading.FMLServiceProvider/CORE]: Initiating mod scan
[28Juni2026 14:47:10.835] [main/DEBUG] [net.minecraftforge.fml.loading.moddiscovery.ModDiscoverer/CORE]: Found Mod Locators : (mods folder:null),(minecraft:null),(classpath:null),(forge_dev_locator:null),(forge_userdev_locator:null)
[28Juni2026 14:47:10.842] [main/DEBUG] [net.minecraftforge.fml.loading.moddiscovery.ModDiscoverer/CORE]: Found Dependency Locators : (JarInJar:null)
[28Juni2026 14:47:15.013] [main/DEBUG] [net.minecraftforge.fml.loading.moddiscovery.ModFileInfo/LOADING]: Found valid mod file  with {minecraft} mods - versions {1.21}
[28Juni2026 14:47:16.799] [main/DEBUG] [net.minecraftforge.fml.loading.moddiscovery.ModFileParser/LOADING]: Considering mod file candidate C:\Users\samue\Documents\Programmieren\Modding\Inventory_Dimension\build\sourcesSets\main
[28Juni2026 14:47:16.836] [main/DEBUG] [net.minecraftforge.fml.loading.moddiscovery.ModFileInfo/LOADING]: Found valid mod file main with {inventory_dimension} mods - versions {1.0.0}
[28Juni2026 14:47:17.593] [main/DEBUG] [net.minecraftforge.fml.loading.moddiscovery.ModFileParser/LOADING]: Considering mod file candidate /
[28Juni2026 14:47:17.655] [main/DEBUG] [net.minecraftforge.fml.loading.moddiscovery.ModFileInfo/LOADING]: Found valid mod file  with {forge} mods - versions {51.0.33}
[28Juni2026 14:47:17.757] [main/DEBUG] [net.minecraftforge.fml.loading.moddiscovery.JarInJarDependencyLocator/]: Failed to load resource META-INF\jarjar\metadata.json from , it does not contain dependency information.
[28Juni2026 14:47:17.760] [main/DEBUG] [net.minecraftforge.fml.loading.moddiscovery.JarInJarDependencyLocator/]: Failed to load resource META-INF\jarjar\metadata.json from main, it does not contain dependency information.
[28Juni2026 14:47:17.762] [main/DEBUG] [net.minecraftforge.fml.loading.moddiscovery.JarInJarDependencyLocator/]: Failed to load resource META-INF\jarjar\metadata.json from , it does not contain dependency information.
[28Juni2026 14:47:17.770] [main/DEBUG] [net.minecraftforge.fml.loading.moddiscovery.JarInJarDependencyLocator/]: Failed to load resource META-INF\jarjar\metadata.json from javafmllanguage-1.21-51.0.33.jar, it does not contain dependency information.
[28Juni2026 14:47:17.771] [main/DEBUG] [net.minecraftforge.fml.loading.moddiscovery.JarInJarDependencyLocator/]: Failed to load resource META-INF\jarjar\metadata.json from mclanguage-1.21-51.0.33.jar, it does not contain dependency information.
[28Juni2026 14:47:17.778] [main/DEBUG] [net.minecraftforge.fml.loading.moddiscovery.JarInJarDependencyLocator/]: Failed to load resource META-INF\jarjar\metadata.json from lowcodelanguage-1.21-51.0.33.jar, it does not contain dependency information.
[28Juni2026 14:47:17.780] [main/DEBUG] [net.minecraftforge.fml.loading.moddiscovery.JarInJarDependencyLocator/]: Failed to load resource META-INF\jarjar\metadata.json from fmlcore-1.21-51.0.33.jar, it does not contain dependency information.
[28Juni2026 14:47:18.061] [main/INFO] [net.minecraftforge.fml.loading.moddiscovery.JarInJarDependencyLocator/]: No dependencies to load found. Skipping!
[28Juni2026 14:47:18.160] [main/DEBUG] [net.minecraftforge.fml.loading.moddiscovery.ModFileInfo/LOADING]: Found valid mod file  with {minecraft} mods - versions {1.21}
[28Juni2026 14:47:18.233] [main/DEBUG] [net.minecraftforge.fml.loading.moddiscovery.ModFile/LOADING]: Loading mod file / with languages [LanguageSpec[languageName=minecraft, acceptedVersions=1]]
[28Juni2026 14:47:18.237] [main/DEBUG] [net.minecraftforge.fml.loading.moddiscovery.ModFileParser/LOADING]: Considering mod file candidate C:\Users\samue\Documents\Programmieren\Modding\Inventory_Dimension\build\sourcesSets\main
[28Juni2026 14:47:18.344] [main/DEBUG] [net.minecraftforge.fml.loading.moddiscovery.ModFileInfo/LOADING]: Found valid mod file main with {inventory_dimension} mods - versions {1.0.0}
[28Juni2026 14:47:18.346] [main/DEBUG] [net.minecraftforge.fml.loading.moddiscovery.ModFile/LOADING]: Loading mod file C:\Users\samue\Documents\Programmieren\Modding\Inventory_Dimension\build\sourcesSets\main with languages [LanguageSpec[languageName=javafml, acceptedVersions=[0,)]]
[28Juni2026 14:47:18.352] [main/DEBUG] [net.minecraftforge.fml.loading.moddiscovery.ModFileParser/LOADING]: Considering mod file candidate /
[28Juni2026 14:47:18.373] [main/DEBUG] [net.minecraftforge.fml.loading.moddiscovery.ModFileInfo/LOADING]: Found valid mod file  with {forge} mods - versions {51.0.33}
[28Juni2026 14:47:18.389] [main/DEBUG] [net.minecraftforge.fml.loading.moddiscovery.ModFile/LOADING]: Loading mod file / with languages [LanguageSpec[languageName=javafml, acceptedVersions=[24,]]]
[28Juni2026 14:47:18.406] [main/DEBUG] [net.minecraftforge.fml.loading.moddiscovery.ModFileParser/LOADING]: Found coremod field_to_method with Javascript path coremods/field_to_method.js
[28Juni2026 14:47:18.408] [main/DEBUG] [net.minecraftforge.fml.loading.moddiscovery.ModFileParser/LOADING]: Found coremod method_redirector with Javascript path coremods/method_redirector.js
[28Juni2026 14:47:18.416] [main/DEBUG] [net.minecraftforge.fml.loading.moddiscovery.ModFile/LOADING]: Found coremod /coremods/field_to_method.js
[28Juni2026 14:47:18.422] [main/DEBUG] [net.minecraftforge.fml.loading.moddiscovery.ModFile/LOADING]: Found coremod /coremods/method_redirector.js
[28Juni2026 14:47:18.442] [main/DEBUG] [cpw.mods.modlauncher.TransformationServiceDecorator/MODLAUNCHER]: End scan trigger - transformation service fml
[28Juni2026 14:47:18.555] [main/DEBUG] [net.minecraftforge.fml.loading.LanguageLoadingProvider/CORE]: Found 3 language providers
[28Juni2026 14:47:18.559] [main/DEBUG] [net.minecraftforge.fml.loading.LanguageLoadingProvider/CORE]: Found language provider lowcodefml, version 51
[28Juni2026 14:47:18.564] [main/DEBUG] [net.minecraftforge.fml.loading.LanguageLoadingProvider/CORE]: Found language provider minecraft, version 1.0
[28Juni2026 14:47:18.566] [main/DEBUG] [net.minecraftforge.fml.loading.LanguageLoadingProvider/CORE]: Found language provider javafml, version 51.0.33
[28Juni2026 14:47:18.573] [main/DEBUG] [net.minecraftforge.fml.loading.ModSorter/]: Configured system mods: [minecraft, forge]
[28Juni2026 14:47:18.574] [main/DEBUG] [net.minecraftforge.fml.loading.ModSorter/]: Found system mod: minecraft
[28Juni2026 14:47:18.575] [main/DEBUG] [net.minecraftforge.fml.loading.ModSorter/]: Found system mod: forge
[28Juni2026 14:47:18.589] [main/DEBUG] [net.minecraftforge.fml.loading.ModSorter/LOADING]: Found 2 mod requirements (2 mandatory, 0 optional)
[28Juni2026 14:47:18.592] [main/DEBUG] [net.minecraftforge.fml.loading.ModSorter/LOADING]: Found 0 mod requirements missing (0 mandatory, 0 optional)
[28Juni2026 14:47:21.973] [main/DEBUG] [net.minecraftforge.fml.loading.MCPNamingService/CORE]: Loaded 37498 method mappings from methods.csv
[28Juni2026 14:47:22.175] [main/DEBUG] [net.minecraftforge.fml.loading.MCPNamingService/CORE]: Loaded 35622 field mappings from fields.csv
[28Juni2026 14:47:22.430] [main/DEBUG] [cpw.mods.modlauncher.TransformationServicesHandler/MODLAUNCHER]: Transformation services loading transformers
[28Juni2026 14:47:22.433] [main/DEBUG] [cpw.mods.modlauncher.TransformationServiceDecorator/MODLAUNCHER]: Initializing transformers for transformation service mixin
[28Juni2026 14:47:22.435] [main/DEBUG] [cpw.mods.modlauncher.TransformationServiceDecorator/MODLAUNCHER]: Initialized transformers for transformation service mixin
[28Juni2026 14:47:22.435] [main/DEBUG] [cpw.mods.modlauncher.TransformationServiceDecorator/MODLAUNCHER]: Initializing transformers for transformation service fml
[28Juni2026 14:47:22.437] [main/DEBUG] [net.minecraftforge.fml.loading.FMLServiceProvider/CORE]: Loading coremod transformers
[28Juni2026 14:47:22.439] [main/DEBUG] [net.minecraftforge.coremod.CoreModEngine/COREMOD]: Loading CoreMod from /coremods/field_to_method.js
[28Juni2026 14:47:23.617] [main/DEBUG] [net.minecraftforge.coremod.CoreModEngine/COREMOD]: CoreMod loaded successfully
[28Juni2026 14:47:23.617] [main/DEBUG] [net.minecraftforge.coremod.CoreModEngine/COREMOD]: Loading CoreMod from /coremods/method_redirector.js
[28Juni2026 14:47:24.253] [main/DEBUG] [net.minecraftforge.coremod.CoreModEngine/COREMOD]: CoreMod loaded successfully
[28Juni2026 14:47:24.304] [main/DEBUG] [cpw.mods.modlauncher.TransformStore/MODLAUNCHER]: Adding transformer net.minecraftforge.coremod.transformer.CoreModClassTransformer@7978e022 to Target : CLASS {Lnet/minecraft/world/level/biome/Biome;} {} {V}
[28Juni2026 14:47:24.306] [main/DEBUG] [cpw.mods.modlauncher.TransformStore/MODLAUNCHER]: Adding transformer net.minecraftforge.coremod.transformer.CoreModClassTransformer@36baa049 to Target : CLASS {Lnet/minecraft/world/effect/MobEffectInstance;} {} {V}
[28Juni2026 14:47:24.307] [main/DEBUG] [cpw.mods.modlauncher.TransformStore/MODLAUNCHER]: Adding transformer net.minecraftforge.coremod.transformer.CoreModClassTransformer@41184371 to Target : CLASS {Lnet/minecraft/world/level/block/LiquidBlock;} {} {V}
[28Juni2026 14:47:24.307] [main/DEBUG] [cpw.mods.modlauncher.TransformStore/MODLAUNCHER]: Adding transformer net.minecraftforge.coremod.transformer.CoreModClassTransformer@34585ac9 to Target : CLASS {Lnet/minecraft/world/item/BucketItem;} {} {V}
[28Juni2026 14:47:24.308] [main/DEBUG] [cpw.mods.modlauncher.TransformStore/MODLAUNCHER]: Adding transformer net.minecraftforge.coremod.transformer.CoreModClassTransformer@76a805b7 to Target : CLASS {Lnet/minecraft/world/level/block/FlowerPotBlock;} {} {V}
[28Juni2026 14:47:24.308] [main/DEBUG] [cpw.mods.modlauncher.TransformStore/MODLAUNCHER]: Adding transformer net.minecraftforge.coremod.transformer.CoreModClassTransformer@15f35bc3 to Target : CLASS {Lnet/minecraft/world/entity/npc/CatSpawner;} {} {V}
[28Juni2026 14:47:24.309] [main/DEBUG] [cpw.mods.modlauncher.TransformStore/MODLAUNCHER]: Adding transformer net.minecraftforge.coremod.transformer.CoreModClassTransformer@15f35bc3 to Target : CLASS {Lnet/minecraft/world/entity/ai/village/VillageSiege;} {} {V}
[28Juni2026 14:47:24.310] [main/DEBUG] [cpw.mods.modlauncher.TransformStore/MODLAUNCHER]: Adding transformer net.minecraftforge.coremod.transformer.CoreModClassTransformer@15f35bc3 to Target : CLASS {Lnet/minecraft/world/entity/animal/horse/SkeletonTrapGoal;} {} {V}
[28Juni2026 14:47:24.310] [main/DEBUG] [cpw.mods.modlauncher.TransformStore/MODLAUNCHER]: Adding transformer net.minecraftforge.coremod.transformer.CoreModClassTransformer@15f35bc3 to Target : CLASS {Lnet/minecraft/world/level/levelgen/structure/structures/OceanMonumentPieces$OceanMonumentPiece;} {} {V}
[28Juni2026 14:47:24.311] [main/DEBUG] [cpw.mods.modlauncher.TransformStore/MODLAUNCHER]: Adding transformer net.minecraftforge.coremod.transformer.CoreModClassTransformer@15f35bc3 to Target : CLASS {Lnet/minecraft/world/level/block/entity/trialspawner/TrialSpawner;} {} {V}
[28Juni2026 14:47:24.312] [main/DEBUG] [cpw.mods.modlauncher.TransformStore/MODLAUNCHER]: Adding transformer net.minecraftforge.coremod.transformer.CoreModClassTransformer@15f35bc3 to Target : CLASS {Lnet/minecraft/world/level/levelgen/PhantomSpawner;} {} {V}
[28Juni2026 14:47:24.312] [main/DEBUG] [cpw.mods.modlauncher.TransformStore/MODLAUNCHER]: Adding transformer net.minecraftforge.coremod.transformer.CoreModClassTransformer@15f35bc3 to Target : CLASS {Lnet/minecraft/world/entity/monster/Zombie;} {} {V}
[28Juni2026 14:47:24.312] [main/DEBUG] [cpw.mods.modlauncher.TransformStore/MODLAUNCHER]: Adding transformer net.minecraftforge.coremod.transformer.CoreModClassTransformer@15f35bc3 to Target : CLASS {Lnet/minecraft/world/entity/npc/Villager;} {} {V}
[28Juni2026 14:47:24.313] [main/DEBUG] [cpw.mods.modlauncher.TransformStore/MODLAUNCHER]: Adding transformer net.minecraftforge.coremod.transformer.CoreModClassTransformer@15f35bc3 to Target : CLASS {Lnet/minecraft/world/level/levelgen/structure/structures/WoodlandMansionPieces$WoodlandMansionPiece;} {} {V}
[28Juni2026 14:47:24.314] [main/DEBUG] [cpw.mods.modlauncher.TransformStore/MODLAUNCHER]: Adding transformer net.minecraftforge.coremod.transformer.CoreModClassTransformer@15f35bc3 to Target : CLASS {Lnet/minecraft/world/entity/animal/frog/Tadpole;} {} {V}
[28Juni2026 14:47:24.314] [main/DEBUG] [cpw.mods.modlauncher.TransformStore/MODLAUNCHER]: Adding transformer net.minecraftforge.coremod.transformer.CoreModClassTransformer@15f35bc3 to Target : CLASS {Lnet/minecraft/world/entity/monster/Evoker$EvokerSummonSpellGoal;} {} {V}
[28Juni2026 14:47:24.323] [main/DEBUG] [cpw.mods.modlauncher.TransformStore/MODLAUNCHER]: Adding transformer net.minecraftforge.coremod.transformer.CoreModClassTransformer@15f35bc3 to Target : CLASS {Lnet/minecraft/world/entity/monster/Spider;} {} {V}
[28Juni2026 14:47:24.381] [main/DEBUG] [cpw.mods.modlauncher.TransformStore/MODLAUNCHER]: Adding transformer net.minecraftforge.coremod.transformer.CoreModClassTransformer@15f35bc3 to Target : CLASS {Lnet/minecraft/world/entity/EntityType;} {} {V}
[28Juni2026 14:47:24.385] [main/DEBUG] [cpw.mods.modlauncher.TransformStore/MODLAUNCHER]: Adding transformer net.minecraftforge.coremod.transformer.CoreModClassTransformer@15f35bc3 to Target : CLASS {Lnet/minecraft/world/level/NaturalSpawner;} {} {V}
[28Juni2026 14:47:24.425] [main/DEBUG] [cpw.mods.modlauncher.TransformStore/MODLAUNCHER]: Adding transformer net.minecraftforge.coremod.transformer.CoreModClassTransformer@15f35bc3 to Target : CLASS {Lnet/minecraft/server/commands/RaidCommand;} {} {V}
[28Juni2026 14:47:24.426] [main/DEBUG] [cpw.mods.modlauncher.TransformStore/MODLAUNCHER]: Adding transformer net.minecraftforge.coremod.transformer.CoreModClassTransformer@15f35bc3 to Target : CLASS {Lnet/minecraft/world/entity/monster/ZombieVillager;} {} {V}
[28Juni2026 14:47:24.427] [main/DEBUG] [cpw.mods.modlauncher.TransformStore/MODLAUNCHER]: Adding transformer net.minecraftforge.coremod.transformer.CoreModClassTransformer@15f35bc3 to Target : CLASS {Lnet/minecraft/world/level/levelgen/structure/templatesystem/StructureTemplate;} {} {V}
[28Juni2026 14:47:24.427] [main/DEBUG] [cpw.mods.modlauncher.TransformStore/MODLAUNCHER]: Adding transformer net.minecraftforge.coremod.transformer.CoreModClassTransformer@15f35bc3 to Target : CLASS {Lnet/minecraft/world/entity/raid/Raid;} {} {V}
[28Juni2026 14:47:24.428] [main/DEBUG] [cpw.mods.modlauncher.TransformStore/MODLAUNCHER]: Adding transformer net.minecraftforge.coremod.transformer.CoreModClassTransformer@15f35bc3 to Target : CLASS {Lnet/minecraft/world/entity/monster/Strider;} {} {V}
[28Juni2026 14:47:24.429] [main/DEBUG] [cpw.mods.modlauncher.TransformStore/MODLAUNCHER]: Adding transformer net.minecraftforge.coremod.transformer.CoreModClassTransformer@15f35bc3 to Target : CLASS {Lnet/minecraft/world/level/levelgen/structure/structures/OceanRuinPieces$OceanRuinPiece;} {} {V}
[28Juni2026 14:47:24.430] [main/DEBUG] [cpw.mods.modlauncher.TransformStore/MODLAUNCHER]: Adding transformer net.minecraftforge.coremod.transformer.CoreModClassTransformer@15f35bc3 to Target : CLASS {Lnet/minecraft/world/level/levelgen/structure/structures/SwampHutPiece;} {} {V}
[28Juni2026 14:47:24.431] [main/DEBUG] [cpw.mods.modlauncher.TransformStore/MODLAUNCHER]: Adding transformer net.minecraftforge.coremod.transformer.CoreModClassTransformer@15f35bc3 to Target : CLASS {Lnet/minecraft/world/level/levelgen/PatrolSpawner;} {} {V}
[28Juni2026 14:47:24.432] [main/DEBUG] [cpw.mods.modlauncher.TransformStore/MODLAUNCHER]: Adding transformer net.minecraftforge.coremod.transformer.CoreModClassTransformer@15f35bc3 to Target : CLASS {Lnet/minecraft/server/commands/SummonCommand;} {} {V}
[28Juni2026 14:47:24.432] [main/DEBUG] [cpw.mods.modlauncher.TransformationServiceDecorator/MODLAUNCHER]: Initialized transformers for transformation service fml
[28Juni2026 14:47:25.094] [main/DEBUG] [mixin/]: Processing prepare() for PlatformAgent[MixinPlatformAgentDefault:ModLauncher Root Container(ModLauncher:4f56a0a2)]
[28Juni2026 14:47:25.098] [main/DEBUG] [mixin/]: Registering mixin config: mixins.inventory_dimension.json source=null
[28Juni2026 14:47:25.197] [main/WARN] [mixin/]: Compatibility level JAVA_21 specified by mixins.inventory_dimension.json is higher than the maximum level supported by this version of mixin (JAVA_13).
[28Juni2026 14:47:25.198] [main/INFO] [mixin/]: Compatibility level set to JAVA_21
[28Juni2026 14:47:25.199] [main/DEBUG] [mixin/]: Processing launch tasks for PlatformAgent[MixinPlatformAgentDefault:ModLauncher Root Container(ModLauncher:4f56a0a2)]
[28Juni2026 14:47:25.201] [main/DEBUG] [mixin/]: Adding mixin platform agents for container SecureJarResource(mixin.synthetic)
[28Juni2026 14:47:25.201] [main/DEBUG] [mixin/]: Instancing new MixinPlatformAgentMinecraftForge for SecureJarResource(mixin.synthetic)
[28Juni2026 14:47:25.201] [main/DEBUG] [mixin/]: MixinPlatformAgentMinecraftForge rejected container SecureJarResource(mixin.synthetic)
[28Juni2026 14:47:25.202] [main/DEBUG] [mixin/]: Instancing new MixinPlatformAgentDefault for SecureJarResource(mixin.synthetic)
[28Juni2026 14:47:25.203] [main/DEBUG] [mixin/]: MixinPlatformAgentDefault accepted container SecureJarResource(mixin.synthetic)
[28Juni2026 14:47:25.203] [main/DEBUG] [mixin/]: Processing prepare() for PlatformAgent[MixinPlatformAgentDefault:SecureJarResource(mixin.synthetic)]
[28Juni2026 14:47:25.204] [main/DEBUG] [mixin/]: Adding mixin platform agents for container SecureJarResource(minecraft)
[28Juni2026 14:47:25.204] [main/DEBUG] [mixin/]: Instancing new MixinPlatformAgentMinecraftForge for SecureJarResource(minecraft)
[28Juni2026 14:47:25.206] [main/DEBUG] [mixin/]: MixinPlatformAgentMinecraftForge rejected container SecureJarResource(minecraft)
[28Juni2026 14:47:25.208] [main/DEBUG] [mixin/]: Instancing new MixinPlatformAgentDefault for SecureJarResource(minecraft)
[28Juni2026 14:47:25.208] [main/DEBUG] [mixin/]: MixinPlatformAgentDefault accepted container SecureJarResource(minecraft)
[28Juni2026 14:47:25.209] [main/DEBUG] [mixin/]: Processing prepare() for PlatformAgent[MixinPlatformAgentDefault:SecureJarResource(minecraft)]
[28Juni2026 14:47:25.209] [main/DEBUG] [mixin/]: Adding mixin platform agents for container SecureJarResource(inventory_dimension)
[28Juni2026 14:47:25.210] [main/DEBUG] [mixin/]: Instancing new MixinPlatformAgentMinecraftForge for SecureJarResource(inventory_dimension)
[28Juni2026 14:47:25.210] [main/DEBUG] [mixin/]: MixinPlatformAgentMinecraftForge rejected container SecureJarResource(inventory_dimension)
[28Juni2026 14:47:25.210] [main/DEBUG] [mixin/]: Instancing new MixinPlatformAgentDefault for SecureJarResource(inventory_dimension)
[28Juni2026 14:47:25.211] [main/DEBUG] [mixin/]: MixinPlatformAgentDefault accepted container SecureJarResource(inventory_dimension)
[28Juni2026 14:47:25.211] [main/DEBUG] [mixin/]: Processing prepare() for PlatformAgent[MixinPlatformAgentDefault:SecureJarResource(inventory_dimension)]
[28Juni2026 14:47:25.211] [main/DEBUG] [mixin/]: Adding mixin platform agents for container SecureJarResource(forge)
[28Juni2026 14:47:25.212] [main/DEBUG] [mixin/]: Instancing new MixinPlatformAgentMinecraftForge for SecureJarResource(forge)
[28Juni2026 14:47:25.212] [main/DEBUG] [mixin/]: MixinPlatformAgentMinecraftForge rejected container SecureJarResource(forge)
[28Juni2026 14:47:25.212] [main/DEBUG] [mixin/]: Instancing new MixinPlatformAgentDefault for SecureJarResource(forge)
[28Juni2026 14:47:25.213] [main/DEBUG] [mixin/]: MixinPlatformAgentDefault accepted container SecureJarResource(forge)
[28Juni2026 14:47:25.213] [main/DEBUG] [mixin/]: Processing prepare() for PlatformAgent[MixinPlatformAgentDefault:SecureJarResource(forge)]
[28Juni2026 14:47:25.214] [main/DEBUG] [mixin/]: inject() running with 5 agents
[28Juni2026 14:47:25.214] [main/DEBUG] [mixin/]: Processing inject() for PlatformAgent[MixinPlatformAgentDefault:ModLauncher Root Container(ModLauncher:4f56a0a2)]
[28Juni2026 14:47:25.214] [main/DEBUG] [mixin/]: Processing inject() for PlatformAgent[MixinPlatformAgentDefault:SecureJarResource(mixin.synthetic)]
[28Juni2026 14:47:25.214] [main/DEBUG] [mixin/]: Processing inject() for PlatformAgent[MixinPlatformAgentDefault:SecureJarResource(minecraft)]
[28Juni2026 14:47:25.218] [main/DEBUG] [mixin/]: Processing inject() for PlatformAgent[MixinPlatformAgentDefault:SecureJarResource(inventory_dimension)]
[28Juni2026 14:47:25.218] [main/DEBUG] [mixin/]: Processing inject() for PlatformAgent[MixinPlatformAgentDefault:SecureJarResource(forge)]
[28Juni2026 14:47:25.220] [main/INFO] [cpw.mods.modlauncher.LaunchServiceHandler/MODLAUNCHER]: Launching target 'forge_userdev_client' with arguments [--version, MOD_DEV, --gameDir, ., --assetsDir, C:\Users\samue\.gradle\caches\forge_gradle\assets, --assetIndex, 17, --username, Dev2]
[28Juni2026 14:47:25.515] [main/INFO] [mixin/]: Attempting to load Fernflower decompiler (Threaded mode)
[28Juni2026 14:47:25.518] [main/INFO] [mixin/]: Fernflower could not be loaded, exported classes will not be decompiled. NoClassDefFoundError: org/jetbrains/java/decompiler/main/extern/IResultSaver
[28Juni2026 14:47:25.630] [main/INFO] [mixin/]: Preparing mixins for MixinEnvironment[DEFAULT]
[28Juni2026 14:47:25.672] [main/INFO] [mixin/]: Selecting config mixins.inventory_dimension.json
[28Juni2026 14:47:25.703] [main/WARN] [mixin/]: Reference map 'mixins.inventory_dimension.refmap.json' for mixins.inventory_dimension.json could not be read. If this is a development environment you can ignore this message
[28Juni2026 14:47:25.707] [main/INFO] [mixin/]: Preparing mixins.inventory_dimension.json (9)
[28Juni2026 14:47:27.469] [main/DEBUG] [mixin/]: Registering new injector for @Inject with org.spongepowered.asm.mixin.injection.struct.CallbackInjectionInfo
[28Juni2026 14:47:27.473] [main/DEBUG] [mixin/]: Registering new injector for @ModifyArg with org.spongepowered.asm.mixin.injection.struct.ModifyArgInjectionInfo
[28Juni2026 14:47:27.634] [main/DEBUG] [mixin/]: Registering new injector for @ModifyArgs with org.spongepowered.asm.mixin.injection.struct.ModifyArgsInjectionInfo
[28Juni2026 14:47:27.638] [main/DEBUG] [mixin/]: Registering new injector for @Redirect with org.spongepowered.asm.mixin.injection.struct.RedirectInjectionInfo
[28Juni2026 14:47:27.641] [main/DEBUG] [mixin/]: Registering new injector for @ModifyVariable with org.spongepowered.asm.mixin.injection.struct.ModifyVariableInjectionInfo
[28Juni2026 14:47:27.645] [main/DEBUG] [mixin/]: Registering new injector for @ModifyConstant with org.spongepowered.asm.mixin.injection.struct.ModifyConstantInjectionInfo
[28Juni2026 14:47:27.787] [main/INFO] [mixin/]: Prepared 8 mixins in 2,105 sec (263,1ms avg) (0ms load, 0ms transform, 0ms plugin)
[28Juni2026 14:47:29.818] [main/DEBUG] [io.netty.util.internal.logging.InternalLoggerFactory/]: Using SLF4J as the default logging framework
[28Juni2026 14:47:29.825] [main/DEBUG] [io.netty.util.ResourceLeakDetector/]: -Dio.netty.leakDetection.level: simple
[28Juni2026 14:47:29.826] [main/DEBUG] [io.netty.util.ResourceLeakDetector/]: -Dio.netty.leakDetection.targetRecords: 4
[28Juni2026 14:47:36.877] [main/WARN] [oshi.util.FileUtil/]: Configuration conflict: there is more than one oshi.properties file on the classpath: [jar:file:///C:/Users/samue/.gradle/caches/modules-2/files-2.1/com.github.oshi/oshi-core/6.4.10/b1d8ab82d11d92fd639b56d639f8f46f739dd5fa/oshi-core-6.4.10.jar!/oshi.properties, jar:file:/C:/Users/samue/.gradle/caches/modules-2/files-2.1/com.github.oshi/oshi-core/6.4.10/b1d8ab82d11d92fd639b56d639f8f46f739dd5fa/oshi-core-6.4.10.jar!/oshi.properties, jar:file:///C:/Users/samue/.gradle/caches/modules-2/files-2.1/com.github.oshi/oshi-core/6.4.10/b1d8ab82d11d92fd639b56d639f8f46f739dd5fa/oshi-core-6.4.10.jar!/oshi.properties, jar:file:/C:/Users/samue/.gradle/caches/modules-2/files-2.1/com.github.oshi/oshi-core/6.4.10/b1d8ab82d11d92fd639b56d639f8f46f739dd5fa/oshi-core-6.4.10.jar!/oshi.properties]
[28Juni2026 14:47:39.285] [main/WARN] [oshi.util.FileUtil/]: Configuration conflict: there is more than one oshi.architecture.properties file on the classpath: [jar:file:///C:/Users/samue/.gradle/caches/modules-2/files-2.1/com.github.oshi/oshi-core/6.4.10/b1d8ab82d11d92fd639b56d639f8f46f739dd5fa/oshi-core-6.4.10.jar!/oshi.architecture.properties, jar:file:/C:/Users/samue/.gradle/caches/modules-2/files-2.1/com.github.oshi/oshi-core/6.4.10/b1d8ab82d11d92fd639b56d639f8f46f739dd5fa/oshi-core-6.4.10.jar!/oshi.architecture.properties, jar:file:///C:/Users/samue/.gradle/caches/modules-2/files-2.1/com.github.oshi/oshi-core/6.4.10/b1d8ab82d11d92fd639b56d639f8f46f739dd5fa/oshi-core-6.4.10.jar!/oshi.architecture.properties, jar:file:/C:/Users/samue/.gradle/caches/modules-2/files-2.1/com.github.oshi/oshi-core/6.4.10/b1d8ab82d11d92fd639b56d639f8f46f739dd5fa/oshi-core-6.4.10.jar!/oshi.architecture.properties]
[28Juni2026 14:47:46.299] [pool-5-thread-1/DEBUG] [net.minecraftforge.coremod.transformer.CoreModBaseTransformer/COREMOD]: Transforming net/minecraft/world/entity/EntityType
[28Juni2026 14:47:59.298] [pool-5-thread-1/DEBUG] [net.minecraftforge.coremod.transformer.CoreModBaseTransformer/COREMOD]: Transforming net/minecraft/world/level/block/LiquidBlock
[28Juni2026 14:47:59.667] [pool-5-thread-1/DEBUG] [net.minecraftforge.coremod.transformer.CoreModBaseTransformer/COREMOD]: Transforming net/minecraft/world/level/block/FlowerPotBlock
[28Juni2026 14:48:00.563] [pool-5-thread-1/DEBUG] [net.minecraftforge.coremod.transformer.CoreModBaseTransformer/COREMOD]: Transforming net/minecraft/world/effect/MobEffectInstance
[28Juni2026 14:48:01.624] [pool-5-thread-1/DEBUG] [net.minecraftforge.coremod.transformer.CoreModBaseTransformer/COREMOD]: Transforming net/minecraft/world/level/biome/Biome
[28Juni2026 14:48:02.283] [Datafixer Bootstrap/INFO] [com.mojang.datafixers.DataFixerBuilder/]: 226 Datafixer optimizations took 25686 milliseconds
[28Juni2026 14:48:02.899] [pool-5-thread-1/DEBUG] [net.minecraftforge.coremod.transformer.CoreModBaseTransformer/COREMOD]: Transforming net/minecraft/world/entity/animal/frog/Tadpole
[28Juni2026 14:48:03.083] [pool-5-thread-1/DEBUG] [net.minecraftforge.coremod.transformer.CoreModBaseTransformer/COREMOD]: Transforming net/minecraft/world/item/BucketItem
[28Juni2026 14:48:03.530] [pool-5-thread-1/INFO] [mixin/]: Mixing ChunkAccessAccessor from mixins.inventory_dimension.json into net.minecraft.world.level.chunk.ChunkAccess
[28Juni2026 14:48:04.031] [pool-5-thread-1/DEBUG] [net.minecraftforge.coremod.transformer.CoreModBaseTransformer/COREMOD]: Transforming net/minecraft/world/entity/monster/Spider
[28Juni2026 14:48:04.160] [pool-5-thread-1/DEBUG] [net.minecraftforge.coremod.transformer.CoreModBaseTransformer/COREMOD]: Transforming net/minecraft/world/entity/monster/Zombie
[28Juni2026 14:48:04.263] [pool-5-thread-1/DEBUG] [net.minecraftforge.coremod.transformer.CoreModBaseTransformer/COREMOD]: Transforming net/minecraft/world/entity/monster/ZombieVillager
[28Juni2026 14:48:04.390] [pool-5-thread-1/DEBUG] [net.minecraftforge.coremod.transformer.CoreModBaseTransformer/COREMOD]: Transforming net/minecraft/world/entity/monster/Evoker$EvokerSummonSpellGoal
[28Juni2026 14:48:04.646] [pool-5-thread-1/DEBUG] [net.minecraftforge.coremod.transformer.CoreModBaseTransformer/COREMOD]: Transforming net/minecraft/world/entity/animal/horse/SkeletonTrapGoal
[28Juni2026 14:48:04.675] [pool-5-thread-1/DEBUG] [net.minecraftforge.coremod.transformer.CoreModBaseTransformer/COREMOD]: Transforming net/minecraft/world/entity/monster/Strider
[28Juni2026 14:48:04.757] [pool-5-thread-1/DEBUG] [net.minecraftforge.coremod.transformer.CoreModBaseTransformer/COREMOD]: Transforming net/minecraft/world/entity/npc/Villager
[28Juni2026 14:48:06.774] [pool-5-thread-1/DEBUG] [net.minecraftforge.coremod.transformer.CoreModBaseTransformer/COREMOD]: Transforming net/minecraft/world/level/levelgen/structure/structures/OceanRuinPieces$OceanRuinPiece
[28Juni2026 14:48:06.828] [pool-5-thread-1/DEBUG] [net.minecraftforge.coremod.transformer.CoreModBaseTransformer/COREMOD]: Transforming net/minecraft/world/level/levelgen/structure/structures/SwampHutPiece
[28Juni2026 14:48:06.845] [pool-5-thread-1/DEBUG] [net.minecraftforge.coremod.transformer.CoreModBaseTransformer/COREMOD]: Transforming net/minecraft/world/level/levelgen/structure/structures/OceanMonumentPieces$OceanMonumentPiece
[28Juni2026 14:48:06.874] [pool-5-thread-1/DEBUG] [net.minecraftforge.coremod.transformer.CoreModBaseTransformer/COREMOD]: Transforming net/minecraft/world/level/levelgen/structure/structures/WoodlandMansionPieces$WoodlandMansionPiece
[28Juni2026 14:48:07.789] [pool-5-thread-1/DEBUG] [net.minecraftforge.registries.GameData/REGISTRIES]: Creating vanilla freeze snapshot
[28Juni2026 14:48:07.792] [pool-5-thread-1/DEBUG] [net.minecraftforge.registries.ForgeRegistry/REGISTRIES]: Registry minecraft:block Sync: VANILLA -> ACTIVE
[28Juni2026 14:48:07.819] [pool-5-thread-1/DEBUG] [net.minecraftforge.registries.ForgeRegistry/REGISTRIES]: Registry minecraft:fluid Sync: VANILLA -> ACTIVE
[28Juni2026 14:48:07.819] [pool-5-thread-1/DEBUG] [net.minecraftforge.registries.ForgeRegistry/REGISTRIES]: Registry minecraft:item Sync: VANILLA -> ACTIVE
[28Juni2026 14:48:07.843] [pool-5-thread-1/DEBUG] [net.minecraftforge.registries.ForgeRegistry/REGISTRIES]: Registry minecraft:mob_effect Sync: VANILLA -> ACTIVE
[28Juni2026 14:48:07.843] [pool-5-thread-1/DEBUG] [net.minecraftforge.registries.ForgeRegistry/REGISTRIES]: Registry minecraft:sound_event Sync: VANILLA -> ACTIVE
[28Juni2026 14:48:07.869] [pool-5-thread-1/DEBUG] [net.minecraftforge.registries.ForgeRegistry/REGISTRIES]: Registry minecraft:potion Sync: VANILLA -> ACTIVE
[28Juni2026 14:48:07.870] [pool-5-thread-1/DEBUG] [net.minecraftforge.registries.ForgeRegistry/REGISTRIES]: Registry minecraft:entity_type Sync: VANILLA -> ACTIVE
[28Juni2026 14:48:07.871] [pool-5-thread-1/DEBUG] [net.minecraftforge.registries.ForgeRegistry/REGISTRIES]: Registry minecraft:block_entity_type Sync: VANILLA -> ACTIVE
[28Juni2026 14:48:07.873] [pool-5-thread-1/DEBUG] [net.minecraftforge.registries.ForgeRegistry/REGISTRIES]: Registry minecraft:particle_type Sync: VANILLA -> ACTIVE
[28Juni2026 14:48:07.874] [pool-5-thread-1/DEBUG] [net.minecraftforge.registries.ForgeRegistry/REGISTRIES]: Registry minecraft:menu Sync: VANILLA -> ACTIVE
[28Juni2026 14:48:07.875] [pool-5-thread-1/DEBUG] [net.minecraftforge.registries.ForgeRegistry/REGISTRIES]: Registry minecraft:painting_variant Sync: VANILLA -> ACTIVE
[28Juni2026 14:48:07.875] [pool-5-thread-1/DEBUG] [net.minecraftforge.registries.ForgeRegistry/REGISTRIES]: Registry minecraft:recipe_type Sync: VANILLA -> ACTIVE
[28Juni2026 14:48:07.875] [pool-5-thread-1/DEBUG] [net.minecraftforge.registries.ForgeRegistry/REGISTRIES]: Registry minecraft:recipe_serializer Sync: VANILLA -> ACTIVE
[28Juni2026 14:48:07.875] [pool-5-thread-1/DEBUG] [net.minecraftforge.registries.ForgeRegistry/REGISTRIES]: Registry minecraft:attribute Sync: VANILLA -> ACTIVE
[28Juni2026 14:48:07.876] [pool-5-thread-1/DEBUG] [net.minecraftforge.registries.ForgeRegistry/REGISTRIES]: Registry minecraft:stat_type Sync: VANILLA -> ACTIVE
[28Juni2026 14:48:07.877] [pool-5-thread-1/DEBUG] [net.minecraftforge.registries.ForgeRegistry/REGISTRIES]: Registry minecraft:command_argument_type Sync: VANILLA -> ACTIVE
[28Juni2026 14:48:07.878] [pool-5-thread-1/DEBUG] [net.minecraftforge.registries.ForgeRegistry/REGISTRIES]: Registry minecraft:villager_profession Sync: VANILLA -> ACTIVE
[28Juni2026 14:48:07.878] [pool-5-thread-1/DEBUG] [net.minecraftforge.registries.ForgeRegistry/REGISTRIES]: Registry minecraft:point_of_interest_type Sync: VANILLA -> ACTIVE
[28Juni2026 14:48:07.884] [pool-5-thread-1/DEBUG] [net.minecraftforge.registries.ForgeRegistry/REGISTRIES]: Registry minecraft:memory_module_type Sync: VANILLA -> ACTIVE
[28Juni2026 14:48:07.885] [pool-5-thread-1/DEBUG] [net.minecraftforge.registries.ForgeRegistry/REGISTRIES]: Registry minecraft:sensor_type Sync: VANILLA -> ACTIVE
[28Juni2026 14:48:07.886] [pool-5-thread-1/DEBUG] [net.minecraftforge.registries.ForgeRegistry/REGISTRIES]: Registry minecraft:schedule Sync: VANILLA -> ACTIVE
[28Juni2026 14:48:07.886] [pool-5-thread-1/DEBUG] [net.minecraftforge.registries.ForgeRegistry/REGISTRIES]: Registry minecraft:activity Sync: VANILLA -> ACTIVE
[28Juni2026 14:48:07.887] [pool-5-thread-1/DEBUG] [net.minecraftforge.registries.ForgeRegistry/REGISTRIES]: Registry minecraft:worldgen/carver Sync: VANILLA -> ACTIVE
[28Juni2026 14:48:07.887] [pool-5-thread-1/DEBUG] [net.minecraftforge.registries.ForgeRegistry/REGISTRIES]: Registry minecraft:worldgen/feature Sync: VANILLA -> ACTIVE
[28Juni2026 14:48:07.888] [pool-5-thread-1/DEBUG] [net.minecraftforge.registries.ForgeRegistry/REGISTRIES]: Registry minecraft:chunk_status Sync: VANILLA -> ACTIVE
[28Juni2026 14:48:07.888] [pool-5-thread-1/DEBUG] [net.minecraftforge.registries.ForgeRegistry/REGISTRIES]: Registry minecraft:worldgen/block_state_provider_type Sync: VANILLA -> ACTIVE
[28Juni2026 14:48:07.888] [pool-5-thread-1/DEBUG] [net.minecraftforge.registries.ForgeRegistry/REGISTRIES]: Registry minecraft:worldgen/foliage_placer_type Sync: VANILLA -> ACTIVE
[28Juni2026 14:48:07.889] [pool-5-thread-1/DEBUG] [net.minecraftforge.registries.ForgeRegistry/REGISTRIES]: Registry minecraft:worldgen/tree_decorator_type Sync: VANILLA -> ACTIVE
[28Juni2026 14:48:07.889] [pool-5-thread-1/DEBUG] [net.minecraftforge.registries.ForgeRegistry/REGISTRIES]: Registry minecraft:worldgen/biome Sync: VANILLA -> ACTIVE
[28Juni2026 14:48:07.899] [pool-5-thread-1/DEBUG] [net.minecraftforge.registries.GameData/REGISTRIES]: Vanilla freeze snapshot created
[28Juni2026 14:48:07.992] [Render thread/INFO] [mixin/]: Mixing MinecraftMixin from mixins.inventory_dimension.json into net.minecraft.client.Minecraft
[28Juni2026 14:48:08.303] [Render thread/INFO] [mixin/]: Mixing ClientPlayerMixin from mixins.inventory_dimension.json into net.minecraft.client.player.LocalPlayer
[28Juni2026 14:48:08.422] [Render thread/INFO] [mixin/]: Mixing InventoryScreenMixin from mixins.inventory_dimension.json into net.minecraft.client.gui.screens.inventory.InventoryScreen
[28Juni2026 14:48:08.808] [Render thread/WARN] [net.minecraft.server.packs.VanillaPackResourcesBuilder/]: Assets URL 'union:/C:/Users/samue/.gradle/caches/forge_gradle/minecraft_user_repo/net/minecraftforge/forge/1.21-51.0.33_mapped_official_1.21/forge-1.21-51.0.33_mapped_official_1.21-recomp.jar%230!/assets/.mcassetsroot' uses unexpected schema
[28Juni2026 14:48:08.809] [Render thread/WARN] [net.minecraft.server.packs.VanillaPackResourcesBuilder/]: Assets URL 'union:/C:/Users/samue/.gradle/caches/forge_gradle/minecraft_user_repo/net/minecraftforge/forge/1.21-51.0.33_mapped_official_1.21/forge-1.21-51.0.33_mapped_official_1.21-recomp.jar%230!/data/.mcassetsroot' uses unexpected schema
[28Juni2026 14:48:08.856] [Render thread/INFO] [com.mojang.authlib.yggdrasil.YggdrasilAuthenticationService/]: Environment: Environment[sessionHost=https://sessionserver.mojang.com, servicesHost=https://api.minecraftservices.com, name=PROD]
[28Juni2026 14:48:08.871] [Render thread/INFO] [net.minecraft.client.Minecraft/]: Setting user: Dev2
[28Juni2026 14:48:09.110] [Render thread/INFO] [net.minecraft.client.Minecraft/]: Backend library: LWJGL version 3.3.3+5
[28Juni2026 14:48:09.261] [Render thread/INFO] [mixin/]: Mixing MouseHandlerMixin from mixins.inventory_dimension.json into net.minecraft.client.MouseHandler
[28Juni2026 14:48:10.275] [Render thread/DEBUG] [net.minecraftforge.common.ForgeI18n/CORE]: Loading I18N data entries: 7094
[28Juni2026 14:48:10.278] [Render thread/DEBUG] [net.minecraftforge.fml.ModWorkManager/LOADING]: Using 4 threads for parallel mod-loading
[28Juni2026 14:48:10.298] [Render thread/DEBUG] [net.minecraftforge.fml.javafmlmod.FMLJavaModLanguageProvider/LOADING]: Loading FMLModContainer from classloader TransformingClassLoader[TRANSFORMER]@1076039353 - got SecureModuleClassLoader[LAYER PLUGIN]@999674172
[28Juni2026 14:48:10.301] [Render thread/DEBUG] [net.minecraftforge.fml.javafmlmod.FMLModContainer/LOADING]: Creating FMLModContainer instance for net.whale.inventory_dimension.Inventory_Dimension
[28Juni2026 14:48:10.307] [Render thread/DEBUG] [net.minecraftforge.fml.javafmlmod.FMLJavaModLanguageProvider/LOADING]: Loading FMLModContainer from classloader TransformingClassLoader[TRANSFORMER]@1076039353 - got SecureModuleClassLoader[LAYER PLUGIN]@999674172
[28Juni2026 14:48:10.308] [Render thread/DEBUG] [net.minecraftforge.fml.javafmlmod.FMLModContainer/LOADING]: Creating FMLModContainer instance for net.minecraftforge.common.ForgeMod
[28Juni2026 14:48:10.752] [modloading-worker-0/DEBUG] [net.minecraftforge.fml.javafmlmod.AutomaticEventSubscriber/LOADING]: Attempting to inject @EventBusSubscriber classes into the eventbus for inventory_dimension
[28Juni2026 14:48:10.758] [modloading-worker-0/DEBUG] [net.minecraftforge.fml.javafmlmod.AutomaticEventSubscriber/LOADING]: Auto-subscribing net.whale.inventory_dimension.Inventory_Dimension$ClientModEvents to MOD
[28Juni2026 14:48:10.765] [modloading-worker-0/DEBUG] [net.minecraftforge.fml.javafmlmod.AutomaticEventSubscriber/LOADING]: Auto-subscribing net.whale.inventory_dimension.Inventory_Dimension$CommonModEvents to FORGE
[28Juni2026 14:48:10.774] [modloading-worker-0/DEBUG] [net.minecraftforge.fml.javafmlmod.AutomaticEventSubscriber/LOADING]: Auto-subscribing net.whale.inventory_dimension.Inventory_Dimension$StaticModEvents to MOD
[28Juni2026 14:48:10.798] [modloading-worker-0/DEBUG] [net.minecraftforge.versions.forge.ForgeVersion/CORE]: Forge Version package package net.minecraftforge.versions.forge, Forge, version 0.0 from TransformingClassLoader[TRANSFORMER]@1076039353
[28Juni2026 14:48:10.799] [modloading-worker-0/DEBUG] [net.minecraftforge.versions.forge.ForgeVersion/CORE]: Found Forge version 51.0.33
[28Juni2026 14:48:10.799] [modloading-worker-0/DEBUG] [net.minecraftforge.versions.forge.ForgeVersion/CORE]: Found Forge spec 0.0
[28Juni2026 14:48:10.799] [modloading-worker-0/DEBUG] [net.minecraftforge.versions.forge.ForgeVersion/CORE]: Found Forge group net.minecraftforge
[28Juni2026 14:48:10.800] [modloading-worker-0/DEBUG] [net.minecraftforge.versions.mcp.MCPVersion/CORE]: MCP Version package package net.minecraftforge.versions.mcp, Minecraft, version 1.21 from TransformingClassLoader[TRANSFORMER]@1076039353
[28Juni2026 14:48:10.800] [modloading-worker-0/DEBUG] [net.minecraftforge.versions.mcp.MCPVersion/CORE]: Found MC version information 1.21
[28Juni2026 14:48:10.800] [modloading-worker-0/DEBUG] [net.minecraftforge.versions.mcp.MCPVersion/CORE]: Found MCP version information 20240613.102039
[28Juni2026 14:48:10.800] [modloading-worker-0/INFO] [net.minecraftforge.common.ForgeMod/FORGEMOD]: Forge mod loading, version 51.0.33, for MC 1.21 with MCP 20240613.102039
[28Juni2026 14:48:10.800] [modloading-worker-0/INFO] [net.minecraftforge.common.MinecraftForge/FORGE]: MinecraftForge v51.0.33 Initialized
[28Juni2026 14:48:10.823] [modloading-worker-0/INFO] [net.minecraftforge.common.ForgeMod/FORGEMOD]: Opening jdk.naming.dns/com.sun.jndi.dns to java.naming
[28Juni2026 14:48:10.919] [modloading-worker-0/DEBUG] [io.netty.util.internal.PlatformDependent0/]: -Dio.netty.noUnsafe: false
[28Juni2026 14:48:10.919] [modloading-worker-0/DEBUG] [io.netty.util.internal.PlatformDependent0/]: Java version: 21
[28Juni2026 14:48:10.920] [modloading-worker-0/DEBUG] [io.netty.util.internal.PlatformDependent0/]: sun.misc.Unsafe.theUnsafe: available
[28Juni2026 14:48:10.921] [modloading-worker-0/DEBUG] [io.netty.util.internal.PlatformDependent0/]: sun.misc.Unsafe.copyMemory: available
[28Juni2026 14:48:10.921] [modloading-worker-0/DEBUG] [io.netty.util.internal.PlatformDependent0/]: sun.misc.Unsafe.storeFence: available
[28Juni2026 14:48:10.922] [modloading-worker-0/DEBUG] [io.netty.util.internal.PlatformDependent0/]: java.nio.Buffer.address: available
[28Juni2026 14:48:10.922] [modloading-worker-0/DEBUG] [io.netty.util.internal.PlatformDependent0/]: direct buffer constructor: unavailable
java.lang.UnsupportedOperationException: Reflective setAccessible(true) disabled
	at SECURE-BOOTSTRAP/io.netty.common@4.1.97.Final/io.netty.util.internal.ReflectionUtil.trySetAccessible(ReflectionUtil.java:31) ~[netty-common-4.1.97.Final.jar:4.1.97.Final]
	at SECURE-BOOTSTRAP/io.netty.common@4.1.97.Final/io.netty.util.internal.PlatformDependent0$5.run(PlatformDependent0.java:289) ~[netty-common-4.1.97.Final.jar:4.1.97.Final]
	at java.base/java.security.AccessController.doPrivileged(AccessController.java:319) ~[?:?]
	at SECURE-BOOTSTRAP/io.netty.common@4.1.97.Final/io.netty.util.internal.PlatformDependent0.<clinit>(PlatformDependent0.java:282) ~[netty-common-4.1.97.Final.jar:4.1.97.Final]
	at SECURE-BOOTSTRAP/io.netty.common@4.1.97.Final/io.netty.util.internal.PlatformDependent.isAndroid(PlatformDependent.java:333) ~[netty-common-4.1.97.Final.jar:4.1.97.Final]
	at SECURE-BOOTSTRAP/io.netty.common@4.1.97.Final/io.netty.util.internal.PlatformDependent.<clinit>(PlatformDependent.java:88) ~[netty-common-4.1.97.Final.jar:4.1.97.Final]
	at SECURE-BOOTSTRAP/io.netty.common@4.1.97.Final/io.netty.util.ConstantPool.<init>(ConstantPool.java:34) ~[netty-common-4.1.97.Final.jar:4.1.97.Final]
	at SECURE-BOOTSTRAP/io.netty.common@4.1.97.Final/io.netty.util.AttributeKey$1.<init>(AttributeKey.java:27) ~[netty-common-4.1.97.Final.jar:4.1.97.Final]
	at SECURE-BOOTSTRAP/io.netty.common@4.1.97.Final/io.netty.util.AttributeKey.<clinit>(AttributeKey.java:27) ~[netty-common-4.1.97.Final.jar:4.1.97.Final]
	at TRANSFORMER/forge@51.0.33/net.minecraftforge.network.NetworkInitialization.<clinit>(NetworkInitialization.java:27) ~[forge-1.21-51.0.33_mapped_official_1.21-recomp.jar:?]
	at TRANSFORMER/forge@51.0.33/net.minecraftforge.common.ForgeMod.<init>(ForgeMod.java:385) ~[forge-1.21-51.0.33_mapped_official_1.21-recomp.jar:?]
	at java.base/jdk.internal.reflect.DirectConstructorHandleAccessor.newInstance(DirectConstructorHandleAccessor.java:62) ~[?:?]
	at java.base/java.lang.reflect.Constructor.newInstanceWithCaller(Constructor.java:502) ~[?:?]
	at java.base/java.lang.reflect.Constructor.newInstance(Constructor.java:486) ~[?:?]
	at LAYER PLUGIN/net.minecraftforge.javafmlmod@1.21-51.0.33/net.minecraftforge.fml.javafmlmod.FMLModContainer.constructMod(FMLModContainer.java:66) ~[javafmllanguage-1.21-51.0.33.jar!/:51.0.33]
	at LAYER PLUGIN/net.minecraftforge.fmlcore@1.21-51.0.33/net.minecraftforge.fml.ModContainer.lambda$buildTransitionHandler$5(ModContainer.java:125) ~[fmlcore-1.21-51.0.33.jar!/:1.0]
	at java.base/java.util.concurrent.CompletableFuture$AsyncRun.run(CompletableFuture.java:1804) [?:?]
	at java.base/java.util.concurrent.CompletableFuture$AsyncRun.exec(CompletableFuture.java:1796) [?:?]
	at java.base/java.util.concurrent.ForkJoinTask.doExec(ForkJoinTask.java:387) [?:?]
	at java.base/java.util.concurrent.ForkJoinPool$WorkQueue.topLevelExec(ForkJoinPool.java:1312) [?:?]
	at java.base/java.util.concurrent.ForkJoinPool.scan(ForkJoinPool.java:1843) [?:?]
	at java.base/java.util.concurrent.ForkJoinPool.runWorker(ForkJoinPool.java:1808) [?:?]
	at java.base/java.util.concurrent.ForkJoinWorkerThread.run(ForkJoinWorkerThread.java:188) [?:?]
[28Juni2026 14:48:10.938] [modloading-worker-0/DEBUG] [io.netty.util.internal.PlatformDependent0/]: java.nio.Bits.unaligned: available, true
[28Juni2026 14:48:10.940] [modloading-worker-0/DEBUG] [io.netty.util.internal.PlatformDependent0/]: jdk.internal.misc.Unsafe.allocateUninitializedArray(int): unavailable
java.lang.IllegalAccessException: class io.netty.util.internal.PlatformDependent0$7 (in module io.netty.common) cannot access class jdk.internal.misc.Unsafe (in module java.base) because module java.base does not export jdk.internal.misc to module io.netty.common
	at java.base/jdk.internal.reflect.Reflection.newIllegalAccessException(Reflection.java:394) ~[?:?]
	at java.base/java.lang.reflect.AccessibleObject.checkAccess(AccessibleObject.java:714) ~[?:?]
	at java.base/java.lang.reflect.Method.invoke(Method.java:571) ~[?:?]
	at SECURE-BOOTSTRAP/io.netty.common@4.1.97.Final/io.netty.util.internal.PlatformDependent0$7.run(PlatformDependent0.java:411) ~[netty-common-4.1.97.Final.jar:4.1.97.Final]
	at java.base/java.security.AccessController.doPrivileged(AccessController.java:319) ~[?:?]
	at SECURE-BOOTSTRAP/io.netty.common@4.1.97.Final/io.netty.util.internal.PlatformDependent0.<clinit>(PlatformDependent0.java:402) ~[netty-common-4.1.97.Final.jar:4.1.97.Final]
	at SECURE-BOOTSTRAP/io.netty.common@4.1.97.Final/io.netty.util.internal.PlatformDependent.isAndroid(PlatformDependent.java:333) ~[netty-common-4.1.97.Final.jar:4.1.97.Final]
	at SECURE-BOOTSTRAP/io.netty.common@4.1.97.Final/io.netty.util.internal.PlatformDependent.<clinit>(PlatformDependent.java:88) ~[netty-common-4.1.97.Final.jar:4.1.97.Final]
	at SECURE-BOOTSTRAP/io.netty.common@4.1.97.Final/io.netty.util.ConstantPool.<init>(ConstantPool.java:34) ~[netty-common-4.1.97.Final.jar:4.1.97.Final]
	at SECURE-BOOTSTRAP/io.netty.common@4.1.97.Final/io.netty.util.AttributeKey$1.<init>(AttributeKey.java:27) ~[netty-common-4.1.97.Final.jar:4.1.97.Final]
	at SECURE-BOOTSTRAP/io.netty.common@4.1.97.Final/io.netty.util.AttributeKey.<clinit>(AttributeKey.java:27) ~[netty-common-4.1.97.Final.jar:4.1.97.Final]
	at TRANSFORMER/forge@51.0.33/net.minecraftforge.network.NetworkInitialization.<clinit>(NetworkInitialization.java:27) ~[forge-1.21-51.0.33_mapped_official_1.21-recomp.jar:?]
	at TRANSFORMER/forge@51.0.33/net.minecraftforge.common.ForgeMod.<init>(ForgeMod.java:385) ~[forge-1.21-51.0.33_mapped_official_1.21-recomp.jar:?]
	at java.base/jdk.internal.reflect.DirectConstructorHandleAccessor.newInstance(DirectConstructorHandleAccessor.java:62) ~[?:?]
	at java.base/java.lang.reflect.Constructor.newInstanceWithCaller(Constructor.java:502) ~[?:?]
	at java.base/java.lang.reflect.Constructor.newInstance(Constructor.java:486) ~[?:?]
	at LAYER PLUGIN/net.minecraftforge.javafmlmod@1.21-51.0.33/net.minecraftforge.fml.javafmlmod.FMLModContainer.constructMod(FMLModContainer.java:66) ~[javafmllanguage-1.21-51.0.33.jar!/:51.0.33]
	at LAYER PLUGIN/net.minecraftforge.fmlcore@1.21-51.0.33/net.minecraftforge.fml.ModContainer.lambda$buildTransitionHandler$5(ModContainer.java:125) ~[fmlcore-1.21-51.0.33.jar!/:1.0]
	at java.base/java.util.concurrent.CompletableFuture$AsyncRun.run(CompletableFuture.java:1804) [?:?]
	at java.base/java.util.concurrent.CompletableFuture$AsyncRun.exec(CompletableFuture.java:1796) [?:?]
	at java.base/java.util.concurrent.ForkJoinTask.doExec(ForkJoinTask.java:387) [?:?]
	at java.base/java.util.concurrent.ForkJoinPool$WorkQueue.topLevelExec(ForkJoinPool.java:1312) [?:?]
	at java.base/java.util.concurrent.ForkJoinPool.scan(ForkJoinPool.java:1843) [?:?]
	at java.base/java.util.concurrent.ForkJoinPool.runWorker(ForkJoinPool.java:1808) [?:?]
	at java.base/java.util.concurrent.ForkJoinWorkerThread.run(ForkJoinWorkerThread.java:188) [?:?]
[28Juni2026 14:48:10.944] [modloading-worker-0/DEBUG] [io.netty.util.internal.PlatformDependent0/]: java.nio.DirectByteBuffer.<init>(long, {int,long}): unavailable
[28Juni2026 14:48:10.944] [modloading-worker-0/DEBUG] [io.netty.util.internal.PlatformDependent/]: sun.misc.Unsafe: available
[28Juni2026 14:48:10.947] [modloading-worker-0/DEBUG] [io.netty.util.internal.PlatformDependent/]: maxDirectMemory: 4257218560 bytes (maybe)
[28Juni2026 14:48:10.947] [modloading-worker-0/DEBUG] [io.netty.util.internal.PlatformDependent/]: -Dio.netty.tmpdir: C:\Users\samue\AppData\Local\Temp (java.io.tmpdir)
[28Juni2026 14:48:10.948] [modloading-worker-0/DEBUG] [io.netty.util.internal.PlatformDependent/]: -Dio.netty.bitMode: 64 (sun.arch.data.model)
[28Juni2026 14:48:10.948] [modloading-worker-0/DEBUG] [io.netty.util.internal.PlatformDependent/]: Platform: Windows
[28Juni2026 14:48:10.949] [modloading-worker-0/DEBUG] [io.netty.util.internal.PlatformDependent/]: -Dio.netty.maxDirectMemory: -1 bytes
[28Juni2026 14:48:10.949] [modloading-worker-0/DEBUG] [io.netty.util.internal.PlatformDependent/]: -Dio.netty.uninitializedArrayAllocationThreshold: -1
[28Juni2026 14:48:10.951] [modloading-worker-0/DEBUG] [io.netty.util.internal.CleanerJava9/]: java.nio.ByteBuffer.cleaner(): available
[28Juni2026 14:48:10.951] [modloading-worker-0/DEBUG] [io.netty.util.internal.PlatformDependent/]: -Dio.netty.noPreferDirect: false
[28Juni2026 14:48:10.993] [modloading-worker-0/DEBUG] [net.minecraftforge.network.NetworkInitialization/FORGE_NETWORK]: Registering Network forge:login v0
[28Juni2026 14:48:10.993] [modloading-worker-0/DEBUG] [net.minecraftforge.network.NetworkInitialization/FORGE_NETWORK]: Registering Network forge:handshake v0
[28Juni2026 14:48:10.993] [modloading-worker-0/DEBUG] [net.minecraftforge.network.NetworkInitialization/FORGE_NETWORK]: Registering Network forge:handshake v0
[28Juni2026 14:48:10.993] [modloading-worker-0/DEBUG] [net.minecraftforge.network.NetworkInitialization/FORGE_NETWORK]: Registering Network forge:channel_registration v0
[28Juni2026 14:48:11.044] [modloading-worker-0/DEBUG] [net.minecraftforge.fml.config.ConfigTracker/CONFIG]: Config file forge-client.toml for forge tracking
[28Juni2026 14:48:11.044] [modloading-worker-0/DEBUG] [net.minecraftforge.fml.config.ConfigTracker/CONFIG]: Config file forge-server.toml for forge tracking
[28Juni2026 14:48:11.044] [modloading-worker-0/DEBUG] [net.minecraftforge.fml.ModLoadingContext/]: Attempted to register an empty config for type COMMON on mod forge
[28Juni2026 14:48:11.083] [modloading-worker-0/DEBUG] [net.minecraftforge.fml.javafmlmod.AutomaticEventSubscriber/LOADING]: Attempting to inject @EventBusSubscriber classes into the eventbus for forge
[28Juni2026 14:48:11.084] [modloading-worker-0/DEBUG] [net.minecraftforge.fml.javafmlmod.AutomaticEventSubscriber/LOADING]: Auto-subscribing net.minecraftforge.common.ForgeSpawnEggItem$CommonHandler to MOD
[28Juni2026 14:48:11.086] [modloading-worker-0/DEBUG] [net.minecraftforge.fml.javafmlmod.AutomaticEventSubscriber/LOADING]: Auto-subscribing net.minecraftforge.common.ForgeSpawnEggItem$ColorRegisterHandler to MOD
[28Juni2026 14:48:11.093] [modloading-worker-0/DEBUG] [net.minecraftforge.fml.javafmlmod.AutomaticEventSubscriber/LOADING]: Auto-subscribing net.minecraftforge.client.model.data.ModelDataManager to FORGE
[28Juni2026 14:48:11.097] [modloading-worker-0/DEBUG] [net.minecraftforge.fml.javafmlmod.AutomaticEventSubscriber/LOADING]: Auto-subscribing net.minecraftforge.client.ForgeHooksClient$ClientEvents to MOD
[28Juni2026 14:48:11.106] [modloading-worker-0/DEBUG] [net.minecraftforge.fml.javafmlmod.AutomaticEventSubscriber/LOADING]: Auto-subscribing net.minecraftforge.client.ClientForgeMod to MOD
[28Juni2026 14:48:11.130] [Render thread/DEBUG] [net.minecraftforge.registries.ObjectHolderRegistry/REGISTRIES]: Processing ObjectHolder annotations
[28Juni2026 14:48:11.483] [Render thread/DEBUG] [net.minecraftforge.registries.ObjectHolderRegistry/REGISTRIES]: Found 4026 ObjectHolder annotations
[28Juni2026 14:48:11.488] [Render thread/DEBUG] [net.minecraftforge.common.capabilities.CapabilityManager/CAPABILITIES]: Attempting to automatically register: Lnet/minecraftforge/energy/IEnergyStorage;
[28Juni2026 14:48:11.491] [Render thread/DEBUG] [net.minecraftforge.common.capabilities.CapabilityManager/CAPABILITIES]: Attempting to automatically register: Lnet/minecraftforge/fluids/capability/IFluidHandler;
[28Juni2026 14:48:11.491] [Render thread/DEBUG] [net.minecraftforge.common.capabilities.CapabilityManager/CAPABILITIES]: Attempting to automatically register: Lnet/minecraftforge/fluids/capability/IFluidHandlerItem;
[28Juni2026 14:48:11.491] [Render thread/DEBUG] [net.minecraftforge.common.capabilities.CapabilityManager/CAPABILITIES]: Attempting to automatically register: Lnet/minecraftforge/items/IItemHandler;
[28Juni2026 14:48:11.492] [Render thread/DEBUG] [net.minecraftforge.registries.GameData/REGISTRIES]: Unfreezing vanilla registries
[28Juni2026 14:48:11.502] [Render thread/DEBUG] [net.minecraftforge.registries.GameData/REGISTRIES]: Applying holder lookups: minecraft:sound_event
[28Juni2026 14:48:11.600] [Render thread/DEBUG] [net.minecraftforge.registries.GameData/REGISTRIES]: Holder lookups applied: minecraft:sound_event
[28Juni2026 14:48:11.600] [Render thread/DEBUG] [net.minecraftforge.registries.GameData/REGISTRIES]: Applying holder lookups: minecraft:fluid
[28Juni2026 14:48:11.602] [Render thread/DEBUG] [net.minecraftforge.registries.GameData/REGISTRIES]: Holder lookups applied: minecraft:fluid
[28Juni2026 14:48:11.603] [Render thread/DEBUG] [net.minecraftforge.registries.GameData/REGISTRIES]: Applying holder lookups: minecraft:block
[28Juni2026 14:48:11.644] [Render thread/DEBUG] [net.minecraftforge.registries.GameData/REGISTRIES]: Holder lookups applied: minecraft:block
[28Juni2026 14:48:11.646] [Render thread/DEBUG] [net.minecraftforge.registries.GameData/REGISTRIES]: Applying holder lookups: minecraft:attribute
[28Juni2026 14:48:11.647] [Render thread/DEBUG] [net.minecraftforge.registries.GameData/REGISTRIES]: Holder lookups applied: minecraft:attribute
[28Juni2026 14:48:11.648] [Render thread/DEBUG] [net.minecraftforge.registries.GameData/REGISTRIES]: Applying holder lookups: minecraft:mob_effect
[28Juni2026 14:48:11.649] [Render thread/DEBUG] [net.minecraftforge.registries.GameData/REGISTRIES]: Holder lookups applied: minecraft:mob_effect
[28Juni2026 14:48:11.649] [Render thread/DEBUG] [net.minecraftforge.registries.GameData/REGISTRIES]: Applying holder lookups: minecraft:particle_type
[28Juni2026 14:48:11.651] [Render thread/DEBUG] [net.minecraftforge.registries.GameData/REGISTRIES]: Holder lookups applied: minecraft:particle_type
[28Juni2026 14:48:11.652] [Render thread/DEBUG] [net.minecraftforge.registries.GameData/REGISTRIES]: Applying holder lookups: minecraft:data_component_type
[28Juni2026 14:48:11.653] [Render thread/DEBUG] [net.minecraftforge.registries.GameData/REGISTRIES]: Holder lookups applied: minecraft:data_component_type
[28Juni2026 14:48:11.653] [Render thread/DEBUG] [net.minecraftforge.registries.GameData/REGISTRIES]: Applying holder lookups: minecraft:enchantment_effect_component_type
[28Juni2026 14:48:11.654] [Render thread/DEBUG] [net.minecraftforge.registries.GameData/REGISTRIES]: Holder lookups applied: minecraft:enchantment_effect_component_type
[28Juni2026 14:48:11.654] [Render thread/DEBUG] [net.minecraftforge.registries.GameData/REGISTRIES]: Applying holder lookups: minecraft:item
[28Juni2026 14:48:11.724] [Render thread/DEBUG] [net.minecraftforge.registries.GameData/REGISTRIES]: Holder lookups applied: minecraft:item
[28Juni2026 14:48:11.729] [Render thread/DEBUG] [net.minecraftforge.registries.GameData/REGISTRIES]: Applying holder lookups: minecraft:entity_type
[28Juni2026 14:48:11.730] [Render thread/DEBUG] [net.minecraftforge.registries.GameData/REGISTRIES]: Holder lookups applied: minecraft:entity_type
[28Juni2026 14:48:11.731] [Render thread/DEBUG] [net.minecraftforge.registries.GameData/REGISTRIES]: Applying holder lookups: minecraft:armor_material
[28Juni2026 14:48:11.732] [Render thread/DEBUG] [net.minecraftforge.registries.GameData/REGISTRIES]: Holder lookups applied: minecraft:armor_material
[28Juni2026 14:48:11.732] [Render thread/DEBUG] [net.minecraftforge.registries.GameData/REGISTRIES]: Applying holder lookups: minecraft:game_event
[28Juni2026 14:48:11.733] [Render thread/DEBUG] [net.minecraftforge.registries.GameData/REGISTRIES]: Holder lookups applied: minecraft:game_event
[28Juni2026 14:48:11.734] [Render thread/DEBUG] [net.minecraftforge.registries.GameData/REGISTRIES]: Applying holder lookups: minecraft:potion
[28Juni2026 14:48:11.735] [Render thread/DEBUG] [net.minecraftforge.registries.GameData/REGISTRIES]: Holder lookups applied: minecraft:potion
[28Juni2026 14:48:11.735] [Render thread/DEBUG] [net.minecraftforge.registries.GameData/REGISTRIES]: Applying holder lookups: minecraft:block_entity_type
[28Juni2026 14:48:11.736] [Render thread/DEBUG] [net.minecraftforge.registries.GameData/REGISTRIES]: Holder lookups applied: minecraft:block_entity_type
[28Juni2026 14:48:11.736] [Render thread/DEBUG] [net.minecraftforge.registries.GameData/REGISTRIES]: Applying holder lookups: minecraft:stat_type
[28Juni2026 14:48:11.738] [Render thread/DEBUG] [net.minecraftforge.registries.GameData/REGISTRIES]: Holder lookups applied: minecraft:stat_type
[28Juni2026 14:48:11.738] [Render thread/DEBUG] [net.minecraftforge.registries.GameData/REGISTRIES]: Applying holder lookups: minecraft:custom_stat
[28Juni2026 14:48:11.740] [Render thread/DEBUG] [net.minecraftforge.registries.GameData/REGISTRIES]: Holder lookups applied: minecraft:custom_stat
[28Juni2026 14:48:11.743] [Render thread/DEBUG] [net.minecraftforge.registries.GameData/REGISTRIES]: Applying holder lookups: minecraft:chunk_status
[28Juni2026 14:48:11.744] [Render thread/DEBUG] [net.minecraftforge.registries.GameData/REGISTRIES]: Holder lookups applied: minecraft:chunk_status
[28Juni2026 14:48:11.744] [Render thread/DEBUG] [net.minecraftforge.registries.GameData/REGISTRIES]: Applying holder lookups: minecraft:rule_test
[28Juni2026 14:48:11.746] [Render thread/DEBUG] [net.minecraftforge.registries.GameData/REGISTRIES]: Holder lookups applied: minecraft:rule_test
[28Juni2026 14:48:11.746] [Render thread/DEBUG] [net.minecraftforge.registries.GameData/REGISTRIES]: Applying holder lookups: minecraft:rule_block_entity_modifier
[28Juni2026 14:48:11.747] [Render thread/DEBUG] [net.minecraftforge.registries.GameData/REGISTRIES]: Holder lookups applied: minecraft:rule_block_entity_modifier
[28Juni2026 14:48:11.748] [Render thread/DEBUG] [net.minecraftforge.registries.GameData/REGISTRIES]: Applying holder lookups: minecraft:pos_rule_test
[28Juni2026 14:48:11.749] [Render thread/DEBUG] [net.minecraftforge.registries.GameData/REGISTRIES]: Holder lookups applied: minecraft:pos_rule_test
[28Juni2026 14:48:11.749] [Render thread/DEBUG] [net.minecraftforge.registries.GameData/REGISTRIES]: Applying holder lookups: minecraft:menu
[28Juni2026 14:48:11.750] [Render thread/DEBUG] [net.minecraftforge.registries.GameData/REGISTRIES]: Holder lookups applied: minecraft:menu
[28Juni2026 14:48:11.750] [Render thread/DEBUG] [net.minecraftforge.registries.GameData/REGISTRIES]: Applying holder lookups: minecraft:recipe_type
[28Juni2026 14:48:11.751] [Render thread/DEBUG] [net.minecraftforge.registries.GameData/REGISTRIES]: Holder lookups applied: minecraft:recipe_type
[28Juni2026 14:48:11.756] [Render thread/DEBUG] [net.minecraftforge.registries.GameData/REGISTRIES]: Applying holder lookups: minecraft:recipe_serializer
[28Juni2026 14:48:11.757] [Render thread/DEBUG] [net.minecraftforge.registries.GameData/REGISTRIES]: Holder lookups applied: minecraft:recipe_serializer
[28Juni2026 14:48:11.757] [Render thread/DEBUG] [net.minecraftforge.registries.GameData/REGISTRIES]: Applying holder lookups: minecraft:position_source_type
[28Juni2026 14:48:11.758] [Render thread/DEBUG] [net.minecraftforge.registries.GameData/REGISTRIES]: Holder lookups applied: minecraft:position_source_type
[28Juni2026 14:48:11.760] [Render thread/DEBUG] [net.minecraftforge.registries.GameData/REGISTRIES]: Applying holder lookups: minecraft:command_argument_type
[28Juni2026 14:48:11.762] [Render thread/DEBUG] [net.minecraftforge.registries.GameData/REGISTRIES]: Holder lookups applied: minecraft:command_argument_type
[28Juni2026 14:48:11.762] [Render thread/DEBUG] [net.minecraftforge.registries.GameData/REGISTRIES]: Applying holder lookups: minecraft:villager_type
[28Juni2026 14:48:11.763] [Render thread/DEBUG] [net.minecraftforge.registries.GameData/REGISTRIES]: Holder lookups applied: minecraft:villager_type
[28Juni2026 14:48:11.764] [Render thread/DEBUG] [net.minecraftforge.registries.GameData/REGISTRIES]: Applying holder lookups: minecraft:villager_profession
[28Juni2026 14:48:11.764] [Render thread/DEBUG] [net.minecraftforge.registries.GameData/REGISTRIES]: Holder lookups applied: minecraft:villager_profession
[28Juni2026 14:48:11.766] [Render thread/DEBUG] [net.minecraftforge.registries.GameData/REGISTRIES]: Applying holder lookups: minecraft:point_of_interest_type
[28Juni2026 14:48:11.767] [Render thread/DEBUG] [net.minecraftforge.registries.GameData/REGISTRIES]: Holder lookups applied: minecraft:point_of_interest_type
[28Juni2026 14:48:11.767] [Render thread/DEBUG] [net.minecraftforge.registries.GameData/REGISTRIES]: Applying holder lookups: minecraft:memory_module_type
[28Juni2026 14:48:11.768] [Render thread/DEBUG] [net.minecraftforge.registries.GameData/REGISTRIES]: Holder lookups applied: minecraft:memory_module_type
[28Juni2026 14:48:11.768] [Render thread/DEBUG] [net.minecraftforge.registries.GameData/REGISTRIES]: Applying holder lookups: minecraft:sensor_type
[28Juni2026 14:48:11.769] [Render thread/DEBUG] [net.minecraftforge.registries.GameData/REGISTRIES]: Holder lookups applied: minecraft:sensor_type
[28Juni2026 14:48:11.770] [Render thread/DEBUG] [net.minecraftforge.registries.GameData/REGISTRIES]: Applying holder lookups: minecraft:schedule
[28Juni2026 14:48:11.771] [Render thread/DEBUG] [net.minecraftforge.registries.GameData/REGISTRIES]: Holder lookups applied: minecraft:schedule
[28Juni2026 14:48:11.771] [Render thread/DEBUG] [net.minecraftforge.registries.GameData/REGISTRIES]: Applying holder lookups: minecraft:activity
[28Juni2026 14:48:11.772] [Render thread/DEBUG] [net.minecraftforge.registries.GameData/REGISTRIES]: Holder lookups applied: minecraft:activity
[28Juni2026 14:48:11.772] [Render thread/DEBUG] [net.minecraftforge.registries.GameData/REGISTRIES]: Applying holder lookups: minecraft:loot_number_provider_type
[28Juni2026 14:48:11.773] [Render thread/DEBUG] [net.minecraftforge.registries.GameData/REGISTRIES]: Holder lookups applied: minecraft:loot_number_provider_type
[28Juni2026 14:48:11.774] [Render thread/DEBUG] [net.minecraftforge.registries.GameData/REGISTRIES]: Applying holder lookups: minecraft:loot_score_provider_type
[28Juni2026 14:48:11.775] [Render thread/DEBUG] [net.minecraftforge.registries.GameData/REGISTRIES]: Holder lookups applied: minecraft:loot_score_provider_type
[28Juni2026 14:48:11.775] [Render thread/DEBUG] [net.minecraftforge.registries.GameData/REGISTRIES]: Applying holder lookups: minecraft:loot_function_type
[28Juni2026 14:48:11.779] [Render thread/DEBUG] [net.minecraftforge.registries.GameData/REGISTRIES]: Holder lookups applied: minecraft:loot_function_type
[28Juni2026 14:48:11.779] [Render thread/DEBUG] [net.minecraftforge.registries.GameData/REGISTRIES]: Applying holder lookups: minecraft:map_decoration_type
[28Juni2026 14:48:11.780] [Render thread/DEBUG] [net.minecraftforge.registries.GameData/REGISTRIES]: Holder lookups applied: minecraft:map_decoration_type
[28Juni2026 14:48:11.782] [Render thread/DEBUG] [net.minecraftforge.registries.GameData/REGISTRIES]: Applying holder lookups: minecraft:loot_nbt_provider_type
[28Juni2026 14:48:11.783] [Render thread/DEBUG] [net.minecraftforge.registries.GameData/REGISTRIES]: Holder lookups applied: minecraft:loot_nbt_provider_type
[28Juni2026 14:48:11.784] [Render thread/DEBUG] [net.minecraftforge.registries.GameData/REGISTRIES]: Applying holder lookups: minecraft:loot_pool_entry_type
[28Juni2026 14:48:11.784] [Render thread/DEBUG] [net.minecraftforge.registries.GameData/REGISTRIES]: Holder lookups applied: minecraft:loot_pool_entry_type
[28Juni2026 14:48:11.790] [Render thread/DEBUG] [net.minecraftforge.registries.GameData/REGISTRIES]: Applying holder lookups: minecraft:loot_condition_type
[28Juni2026 14:48:11.790] [Render thread/DEBUG] [net.minecraftforge.registries.GameData/REGISTRIES]: Holder lookups applied: minecraft:loot_condition_type
[28Juni2026 14:48:11.791] [Render thread/DEBUG] [net.minecraftforge.registries.GameData/REGISTRIES]: Applying holder lookups: minecraft:float_provider_type
[28Juni2026 14:48:11.794] [Render thread/DEBUG] [net.minecraftforge.registries.GameData/REGISTRIES]: Holder lookups applied: minecraft:float_provider_type
[28Juni2026 14:48:11.794] [Render thread/DEBUG] [net.minecraftforge.registries.GameData/REGISTRIES]: Applying holder lookups: minecraft:int_provider_type
[28Juni2026 14:48:11.796] [Render thread/DEBUG] [net.minecraftforge.registries.GameData/REGISTRIES]: Holder lookups applied: minecraft:int_provider_type
[28Juni2026 14:48:11.796] [Render thread/DEBUG] [net.minecraftforge.registries.GameData/REGISTRIES]: Applying holder lookups: minecraft:height_provider_type
[28Juni2026 14:48:11.799] [Render thread/DEBUG] [net.minecraftforge.registries.GameData/REGISTRIES]: Holder lookups applied: minecraft:height_provider_type
[28Juni2026 14:48:11.799] [Render thread/DEBUG] [net.minecraftforge.registries.GameData/REGISTRIES]: Applying holder lookups: minecraft:block_predicate_type
[28Juni2026 14:48:11.800] [Render thread/DEBUG] [net.minecraftforge.registries.GameData/REGISTRIES]: Holder lookups applied: minecraft:block_predicate_type
[28Juni2026 14:48:11.802] [Render thread/DEBUG] [net.minecraftforge.registries.GameData/REGISTRIES]: Applying holder lookups: minecraft:worldgen/carver
[28Juni2026 14:48:11.802] [Render thread/DEBUG] [net.minecraftforge.registries.GameData/REGISTRIES]: Holder lookups applied: minecraft:worldgen/carver
[28Juni2026 14:48:11.802] [Render thread/DEBUG] [net.minecraftforge.registries.GameData/REGISTRIES]: Applying holder lookups: minecraft:worldgen/feature
[28Juni2026 14:48:11.803] [Render thread/DEBUG] [net.minecraftforge.registries.GameData/REGISTRIES]: Holder lookups applied: minecraft:worldgen/feature
[28Juni2026 14:48:11.803] [Render thread/DEBUG] [net.minecraftforge.registries.GameData/REGISTRIES]: Applying holder lookups: minecraft:worldgen/structure_processor
[28Juni2026 14:48:11.805] [Render thread/DEBUG] [net.minecraftforge.registries.GameData/REGISTRIES]: Holder lookups applied: minecraft:worldgen/structure_processor
[28Juni2026 14:48:11.805] [Render thread/DEBUG] [net.minecraftforge.registries.GameData/REGISTRIES]: Applying holder lookups: minecraft:worldgen/structure_placement
[28Juni2026 14:48:11.806] [Render thread/DEBUG] [net.minecraftforge.registries.GameData/REGISTRIES]: Holder lookups applied: minecraft:worldgen/structure_placement
[28Juni2026 14:48:11.806] [Render thread/DEBUG] [net.minecraftforge.registries.GameData/REGISTRIES]: Applying holder lookups: minecraft:worldgen/structure_piece
[28Juni2026 14:48:11.807] [Render thread/DEBUG] [net.minecraftforge.registries.GameData/REGISTRIES]: Holder lookups applied: minecraft:worldgen/structure_piece
[28Juni2026 14:48:11.807] [Render thread/DEBUG] [net.minecraftforge.registries.GameData/REGISTRIES]: Applying holder lookups: minecraft:worldgen/structure_type
[28Juni2026 14:48:11.809] [Render thread/DEBUG] [net.minecraftforge.registries.GameData/REGISTRIES]: Holder lookups applied: minecraft:worldgen/structure_type
[28Juni2026 14:48:11.809] [Render thread/DEBUG] [net.minecraftforge.registries.GameData/REGISTRIES]: Applying holder lookups: minecraft:worldgen/placement_modifier_type
[28Juni2026 14:48:11.811] [Render thread/DEBUG] [net.minecraftforge.registries.GameData/REGISTRIES]: Holder lookups applied: minecraft:worldgen/placement_modifier_type
[28Juni2026 14:48:11.812] [Render thread/DEBUG] [net.minecraftforge.registries.GameData/REGISTRIES]: Applying holder lookups: minecraft:worldgen/block_state_provider_type
[28Juni2026 14:48:11.813] [Render thread/DEBUG] [net.minecraftforge.registries.GameData/REGISTRIES]: Holder lookups applied: minecraft:worldgen/block_state_provider_type
[28Juni2026 14:48:11.814] [Render thread/DEBUG] [net.minecraftforge.registries.GameData/REGISTRIES]: Applying holder lookups: minecraft:worldgen/foliage_placer_type
[28Juni2026 14:48:11.815] [Render thread/DEBUG] [net.minecraftforge.registries.GameData/REGISTRIES]: Holder lookups applied: minecraft:worldgen/foliage_placer_type
[28Juni2026 14:48:11.816] [Render thread/DEBUG] [net.minecraftforge.registries.GameData/REGISTRIES]: Applying holder lookups: minecraft:worldgen/trunk_placer_type
[28Juni2026 14:48:11.819] [Render thread/DEBUG] [net.minecraftforge.registries.GameData/REGISTRIES]: Holder lookups applied: minecraft:worldgen/trunk_placer_type
[28Juni2026 14:48:11.819] [Render thread/DEBUG] [net.minecraftforge.registries.GameData/REGISTRIES]: Applying holder lookups: minecraft:worldgen/root_placer_type
[28Juni2026 14:48:11.820] [Render thread/DEBUG] [net.minecraftforge.registries.GameData/REGISTRIES]: Holder lookups applied: minecraft:worldgen/root_placer_type
[28Juni2026 14:48:11.820] [Render thread/DEBUG] [net.minecraftforge.registries.GameData/REGISTRIES]: Applying holder lookups: minecraft:worldgen/tree_decorator_type
[28Juni2026 14:48:11.821] [Render thread/DEBUG] [net.minecraftforge.registries.GameData/REGISTRIES]: Holder lookups applied: minecraft:worldgen/tree_decorator_type
[28Juni2026 14:48:11.822] [Render thread/DEBUG] [net.minecraftforge.registries.GameData/REGISTRIES]: Applying holder lookups: minecraft:worldgen/feature_size_type
[28Juni2026 14:48:11.822] [Render thread/DEBUG] [net.minecraftforge.registries.GameData/REGISTRIES]: Holder lookups applied: minecraft:worldgen/feature_size_type
[28Juni2026 14:48:11.823] [Render thread/DEBUG] [net.minecraftforge.registries.GameData/REGISTRIES]: Applying holder lookups: minecraft:worldgen/biome_source
[28Juni2026 14:48:11.824] [Render thread/DEBUG] [net.minecraftforge.registries.GameData/REGISTRIES]: Holder lookups applied: minecraft:worldgen/biome_source
[28Juni2026 14:48:11.824] [Render thread/DEBUG] [net.minecraftforge.registries.GameData/REGISTRIES]: Applying holder lookups: minecraft:worldgen/chunk_generator
[28Juni2026 14:48:11.825] [Render thread/DEBUG] [net.minecraftforge.registries.GameData/REGISTRIES]: Holder lookups applied: minecraft:worldgen/chunk_generator
[28Juni2026 14:48:11.825] [Render thread/DEBUG] [net.minecraftforge.registries.GameData/REGISTRIES]: Applying holder lookups: minecraft:worldgen/material_condition
[28Juni2026 14:48:11.829] [Render thread/DEBUG] [net.minecraftforge.registries.GameData/REGISTRIES]: Holder lookups applied: minecraft:worldgen/material_condition
[28Juni2026 14:48:11.830] [Render thread/DEBUG] [net.minecraftforge.registries.GameData/REGISTRIES]: Applying holder lookups: minecraft:worldgen/material_rule
[28Juni2026 14:48:11.831] [Render thread/DEBUG] [net.minecraftforge.registries.GameData/REGISTRIES]: Holder lookups applied: minecraft:worldgen/material_rule
[28Juni2026 14:48:11.831] [Render thread/DEBUG] [net.minecraftforge.registries.GameData/REGISTRIES]: Applying holder lookups: minecraft:worldgen/density_function_type
[28Juni2026 14:48:11.832] [Render thread/DEBUG] [net.minecraftforge.registries.GameData/REGISTRIES]: Holder lookups applied: minecraft:worldgen/density_function_type
[28Juni2026 14:48:11.833] [Render thread/DEBUG] [net.minecraftforge.registries.GameData/REGISTRIES]: Applying holder lookups: minecraft:block_type
[28Juni2026 14:48:11.833] [Render thread/DEBUG] [net.minecraftforge.registries.GameData/REGISTRIES]: Holder lookups applied: minecraft:block_type
[28Juni2026 14:48:11.834] [Render thread/DEBUG] [net.minecraftforge.registries.GameData/REGISTRIES]: Applying holder lookups: minecraft:worldgen/structure_pool_element
[28Juni2026 14:48:11.835] [Render thread/DEBUG] [net.minecraftforge.registries.GameData/REGISTRIES]: Holder lookups applied: minecraft:worldgen/structure_pool_element
[28Juni2026 14:48:11.835] [Render thread/DEBUG] [net.minecraftforge.registries.GameData/REGISTRIES]: Applying holder lookups: minecraft:worldgen/pool_alias_binding
[28Juni2026 14:48:11.836] [Render thread/DEBUG] [net.minecraftforge.registries.GameData/REGISTRIES]: Holder lookups applied: minecraft:worldgen/pool_alias_binding
[28Juni2026 14:48:11.836] [Render thread/DEBUG] [net.minecraftforge.registries.GameData/REGISTRIES]: Applying holder lookups: minecraft:cat_variant
[28Juni2026 14:48:11.853] [Render thread/DEBUG] [net.minecraftforge.registries.GameData/REGISTRIES]: Holder lookups applied: minecraft:cat_variant
[28Juni2026 14:48:11.853] [Render thread/DEBUG] [net.minecraftforge.registries.GameData/REGISTRIES]: Applying holder lookups: minecraft:frog_variant
[28Juni2026 14:48:11.854] [Render thread/DEBUG] [net.minecraftforge.registries.GameData/REGISTRIES]: Holder lookups applied: minecraft:frog_variant
[28Juni2026 14:48:11.854] [Render thread/DEBUG] [net.minecraftforge.registries.GameData/REGISTRIES]: Applying holder lookups: minecraft:instrument
[28Juni2026 14:48:11.856] [Render thread/DEBUG] [net.minecraftforge.registries.GameData/REGISTRIES]: Holder lookups applied: minecraft:instrument
[28Juni2026 14:48:11.856] [Render thread/DEBUG] [net.minecraftforge.registries.GameData/REGISTRIES]: Applying holder lookups: minecraft:decorated_pot_pattern
[28Juni2026 14:48:11.857] [Render thread/DEBUG] [net.minecraftforge.registries.GameData/REGISTRIES]: Holder lookups applied: minecraft:decorated_pot_pattern
[28Juni2026 14:48:11.858] [Render thread/DEBUG] [net.minecraftforge.registries.GameData/REGISTRIES]: Applying holder lookups: minecraft:creative_mode_tab
[28Juni2026 14:48:11.860] [Render thread/DEBUG] [net.minecraftforge.registries.GameData/REGISTRIES]: Holder lookups applied: minecraft:creative_mode_tab
[28Juni2026 14:48:11.860] [Render thread/DEBUG] [net.minecraftforge.registries.GameData/REGISTRIES]: Applying holder lookups: minecraft:trigger_type
[28Juni2026 14:48:11.861] [Render thread/DEBUG] [net.minecraftforge.registries.GameData/REGISTRIES]: Holder lookups applied: minecraft:trigger_type
[28Juni2026 14:48:11.861] [Render thread/DEBUG] [net.minecraftforge.registries.GameData/REGISTRIES]: Applying holder lookups: minecraft:number_format_type
[28Juni2026 14:48:11.862] [Render thread/DEBUG] [net.minecraftforge.registries.GameData/REGISTRIES]: Holder lookups applied: minecraft:number_format_type
[28Juni2026 14:48:11.862] [Render thread/DEBUG] [net.minecraftforge.registries.GameData/REGISTRIES]: Applying holder lookups: minecraft:entity_sub_predicate_type
[28Juni2026 14:48:11.864] [Render thread/DEBUG] [net.minecraftforge.registries.GameData/REGISTRIES]: Holder lookups applied: minecraft:entity_sub_predicate_type
[28Juni2026 14:48:11.864] [Render thread/DEBUG] [net.minecraftforge.registries.GameData/REGISTRIES]: Applying holder lookups: minecraft:item_sub_predicate_type
[28Juni2026 14:48:11.865] [Render thread/DEBUG] [net.minecraftforge.registries.GameData/REGISTRIES]: Holder lookups applied: minecraft:item_sub_predicate_type
[28Juni2026 14:48:11.865] [Render thread/DEBUG] [net.minecraftforge.registries.GameData/REGISTRIES]: Applying holder lookups: minecraft:enchantment_level_based_value_type
[28Juni2026 14:48:11.866] [Render thread/DEBUG] [net.minecraftforge.registries.GameData/REGISTRIES]: Holder lookups applied: minecraft:enchantment_level_based_value_type
[28Juni2026 14:48:11.866] [Render thread/DEBUG] [net.minecraftforge.registries.GameData/REGISTRIES]: Applying holder lookups: minecraft:enchantment_entity_effect_type
[28Juni2026 14:48:11.867] [Render thread/DEBUG] [net.minecraftforge.registries.GameData/REGISTRIES]: Holder lookups applied: minecraft:enchantment_entity_effect_type
[28Juni2026 14:48:11.868] [Render thread/DEBUG] [net.minecraftforge.registries.GameData/REGISTRIES]: Applying holder lookups: minecraft:enchantment_location_based_effect_type
[28Juni2026 14:48:11.869] [Render thread/DEBUG] [net.minecraftforge.registries.GameData/REGISTRIES]: Holder lookups applied: minecraft:enchantment_location_based_effect_type
[28Juni2026 14:48:11.869] [Render thread/DEBUG] [net.minecraftforge.registries.GameData/REGISTRIES]: Applying holder lookups: minecraft:enchantment_value_effect_type
[28Juni2026 14:48:11.870] [Render thread/DEBUG] [net.minecraftforge.registries.GameData/REGISTRIES]: Holder lookups applied: minecraft:enchantment_value_effect_type
[28Juni2026 14:48:11.870] [Render thread/DEBUG] [net.minecraftforge.registries.GameData/REGISTRIES]: Applying holder lookups: minecraft:enchantment_provider_type
[28Juni2026 14:48:11.872] [Render thread/DEBUG] [net.minecraftforge.registries.GameData/REGISTRIES]: Holder lookups applied: minecraft:enchantment_provider_type
[28Juni2026 14:48:11.884] [Render thread/DEBUG] [net.minecraftforge.registries.GameData/REGISTRIES]: Applying holder lookups: forge:biome_modifier_serializers
[28Juni2026 14:48:11.884] [Render thread/DEBUG] [net.minecraftforge.registries.GameData/REGISTRIES]: Holder lookups applied: forge:biome_modifier_serializers
[28Juni2026 14:48:11.897] [Render thread/DEBUG] [net.minecraftforge.registries.GameData/REGISTRIES]: Applying holder lookups: forge:condition_codecs
[28Juni2026 14:48:11.898] [Render thread/DEBUG] [net.minecraftforge.registries.GameData/REGISTRIES]: Holder lookups applied: forge:condition_codecs
[28Juni2026 14:48:11.899] [Render thread/DEBUG] [net.minecraftforge.registries.GameData/REGISTRIES]: Applying holder lookups: forge:display_contexts
[28Juni2026 14:48:11.900] [Render thread/DEBUG] [net.minecraftforge.registries.GameData/REGISTRIES]: Holder lookups applied: forge:display_contexts
[28Juni2026 14:48:11.900] [Render thread/DEBUG] [net.minecraftforge.registries.GameData/REGISTRIES]: Applying holder lookups: forge:entity_data_serializers
[28Juni2026 14:48:11.901] [Render thread/DEBUG] [net.minecraftforge.registries.GameData/REGISTRIES]: Holder lookups applied: forge:entity_data_serializers
[28Juni2026 14:48:11.909] [Render thread/DEBUG] [net.minecraftforge.registries.GameData/REGISTRIES]: Applying holder lookups: forge:fluid_type
[28Juni2026 14:48:11.910] [Render thread/DEBUG] [net.minecraftforge.registries.GameData/REGISTRIES]: Holder lookups applied: forge:fluid_type
[28Juni2026 14:48:11.911] [Render thread/DEBUG] [net.minecraftforge.registries.GameData/REGISTRIES]: Applying holder lookups: forge:global_loot_modifier_serializers
[28Juni2026 14:48:11.912] [Render thread/DEBUG] [net.minecraftforge.registries.GameData/REGISTRIES]: Holder lookups applied: forge:global_loot_modifier_serializers
[28Juni2026 14:48:11.919] [Render thread/DEBUG] [net.minecraftforge.registries.GameData/REGISTRIES]: Applying holder lookups: forge:holder_set_type
[28Juni2026 14:48:11.920] [Render thread/DEBUG] [net.minecraftforge.registries.GameData/REGISTRIES]: Holder lookups applied: forge:holder_set_type
[28Juni2026 14:48:11.933] [Render thread/DEBUG] [net.minecraftforge.registries.GameData/REGISTRIES]: Applying holder lookups: forge:ingredient_serializers
[28Juni2026 14:48:11.934] [Render thread/DEBUG] [net.minecraftforge.registries.GameData/REGISTRIES]: Holder lookups applied: forge:ingredient_serializers
[28Juni2026 14:48:11.935] [Render thread/DEBUG] [net.minecraftforge.registries.GameData/REGISTRIES]: Applying holder lookups: forge:structure_modifier_serializers
[28Juni2026 14:48:11.935] [Render thread/DEBUG] [net.minecraftforge.registries.GameData/REGISTRIES]: Holder lookups applied: forge:structure_modifier_serializers
[28Juni2026 14:48:11.935] [Render thread/DEBUG] [net.minecraftforge.registries.GameData/REGISTRIES]: Applying holder lookups: minecraft:painting_variant
[28Juni2026 14:48:11.937] [Render thread/DEBUG] [net.minecraftforge.registries.GameData/REGISTRIES]: Holder lookups applied: minecraft:painting_variant
[28Juni2026 14:48:11.937] [Render thread/DEBUG] [net.minecraftforge.registries.GameData/REGISTRIES]: Applying holder lookups: minecraft:worldgen/biome
[28Juni2026 14:48:11.938] [Render thread/DEBUG] [net.minecraftforge.registries.GameData/REGISTRIES]: Holder lookups applied: minecraft:worldgen/biome
[28Juni2026 14:48:12.110] [Render thread/DEBUG] [net.minecraftforge.resource.ResourcePackLoader/CORE]: Generating PackInfo named mod:inventory_dimension for mod file C:\Users\samue\Documents\Programmieren\Modding\Inventory_Dimension\build\sourcesSets\main
[28Juni2026 14:48:12.114] [Render thread/DEBUG] [net.minecraftforge.resource.ResourcePackLoader/CORE]: Generating PackInfo named mod:forge for mod file /
[28Juni2026 14:48:12.364] [Render thread/INFO] [mixin/]: Mixing LevelRendererMixin from mixins.inventory_dimension.json into net.minecraft.client.renderer.LevelRenderer
[28Juni2026 14:48:12.443] [Render thread/INFO] [mixin/]: Mixing LevelRendererMixin$LevelRendererAccessor from mixins.inventory_dimension.json into net.minecraft.client.renderer.LevelRenderer
[28Juni2026 14:48:12.744] [Render thread/INFO] [mixin/]: Mixing ItemInHandRenderMixin from mixins.inventory_dimension.json into net.minecraft.client.renderer.ItemInHandRenderer
[28Juni2026 14:48:13.265] [Render thread/INFO] [net.minecraftforge.gametest.ForgeGameTestHooks/]: Enabled Gametest Namespaces: [inventory_dimension]
[28Juni2026 14:48:13.933] [Render thread/INFO] [net.minecraft.server.packs.resources.ReloadableResourceManager/]: Reloading ResourceManager: vanilla, mod_resources
[28Juni2026 14:48:13.965] [modloading-worker-0/DEBUG] [net.minecraftforge.fml.config.ConfigTracker/CONFIG]: Loading configs type CLIENT
[28Juni2026 14:48:13.969] [modloading-worker-0/DEBUG] [net.minecraftforge.fml.config.ConfigFileTypeHandler/CONFIG]: Built TOML config for C:\Users\samue\Documents\Programmieren\Modding\Inventory_Dimension\run2\config\forge-client.toml
[28Juni2026 14:48:13.972] [modloading-worker-0/DEBUG] [net.minecraftforge.fml.config.ConfigFileTypeHandler/CONFIG]: Loaded TOML config file C:\Users\samue\Documents\Programmieren\Modding\Inventory_Dimension\run2\config\forge-client.toml
[28Juni2026 14:48:13.985] [modloading-worker-0/DEBUG] [net.minecraftforge.fml.config.ConfigFileTypeHandler/CONFIG]: Watching TOML config file C:\Users\samue\Documents\Programmieren\Modding\Inventory_Dimension\run2\config\forge-client.toml for changes
[28Juni2026 14:48:13.994] [modloading-worker-0/DEBUG] [net.minecraftforge.common.ForgeConfig/FORGEMOD]: Loaded forge config file forge-client.toml
[28Juni2026 14:48:13.996] [modloading-worker-0/DEBUG] [net.minecraftforge.fml.config.ConfigTracker/CONFIG]: Loading configs type COMMON
[28Juni2026 14:48:15.173] [Worker-Main-1/INFO] [net.minecraft.client.gui.font.providers.UnihexProvider/]: Found unifont_all_no_pua-15.1.05.hex, loading
[28Juni2026 14:48:16.641] [Worker-Main-1/INFO] [net.minecraft.client.gui.font.providers.UnihexProvider/]: Found unifont_jp_patch-15.1.05.hex, loading
[28Juni2026 14:48:17.811] [Forge Version Check/INFO] [net.minecraftforge.fml.VersionChecker/]: [forge] Starting version check at https://files.minecraftforge.net/net/minecraftforge/forge/promotions_slim.json
[28Juni2026 14:48:19.084] [Forge Version Check/DEBUG] [net.minecraftforge.fml.VersionChecker/]: [forge] Received version check data:
{
  "homepage": "https://files.minecraftforge.net/net/minecraftforge/forge/",
  "promos": {
    "1.1-latest": "1.3.4.29",
    "1.2.3-latest": "1.4.1.64",
    "1.2.4-latest": "2.0.0.68",
    "1.2.5-latest": "3.4.9.171",
    "1.3.2-latest": "4.3.5.318",
    "1.4.0-latest": "5.0.0.326",
    "1.4.1-latest": "6.0.0.329",
    "1.4.2-latest": "6.0.1.355",
    "1.4.3-latest": "6.2.1.358",
    "1.4.4-latest": "6.3.0.378",
    "1.4.5-latest": "6.4.2.448",
    "1.4.6-latest": "6.5.0.489",
    "1.4.7-latest": "6.6.2.534",
    "1.5-latest": "7.7.0.598",
    "1.5.1-latest": "7.7.2.682",
    "1.5.2-latest": "7.8.1.738",
    "1.5.2-recommended": "7.8.1.738",
    "1.6.1-latest": "8.9.0.775",
    "1.6.2-latest": "9.10.1.871",
    "1.6.2-recommended": "9.10.1.871",
    "1.6.3-latest": "9.11.0.878",
    "1.6.4-latest": "9.11.1.1345",
    "1.6.4-recommended": "9.11.1.1345",
    "1.7.2-latest": "10.12.2.1161",
    "1.7.2-recommended": "10.12.2.1161",
    "1.7.10-latest": "10.13.4.1614",
    "1.7.10-recommended": "10.13.4.1614",
    "1.8-latest": "11.14.4.1577",
    "1.8-recommended": "11.14.4.1563",
    "1.8.8-latest": "11.15.0.1655",
    "1.8.9-latest": "11.15.1.2318",
    "1.8.9-recommended": "11.15.1.2318",
    "1.9-latest": "12.16.1.1938",
    "1.9-recommended": "12.16.1.1887",
    "1.9.4-latest": "12.17.0.2317",
    "1.9.4-recommended": "12.17.0.2317",
    "1.10-latest": "12.18.0.2000",
    "1.10.2-latest": "12.18.3.2511",
    "1.10.2-recommended": "12.18.3.2511",
    "1.11-latest": "13.19.1.2199",
    "1.11-recommended": "13.19.1.2189",
    "1.11.2-latest": "13.20.1.2588",
    "1.11.2-recommended": "13.20.1.2588",
    "1.12-latest": "14.21.1.2443",
    "1.12-recommended": "14.21.1.2387",
    "1.12.1-latest": "14.22.1.2485",
    "1.12.1-recommended": "14.22.1.2478",
    "1.12.2-latest": "14.23.5.2864",
    "1.12.2-recommended": "14.23.5.2859",
    "1.13.2-latest": "25.0.223",
    "1.14.2-latest": "26.0.63",
    "1.14.3-latest": "27.0.60",
    "1.14.4-latest": "28.2.30",
    "1.14.4-recommended": "28.2.26",
    "1.15-latest": "29.0.4",
    "1.15.1-latest": "30.0.51",
    "1.15.2-latest": "31.2.60",
    "1.15.2-recommended": "31.2.57",
    "1.16.1-latest": "32.0.108",
    "1.16.2-latest": "33.0.61",
    "1.16.3-latest": "34.1.42",
    "1.16.3-recommended": "34.1.0",
    "1.16.4-latest": "35.1.37",
    "1.16.4-recommended": "35.1.4",
    "1.16.5-latest": "36.2.42",
    "1.16.5-recommended": "36.2.34",
    "1.17.1-latest": "37.1.1",
    "1.17.1-recommended": "37.1.1",
    "1.18-latest": "38.0.17",
    "1.18.1-latest": "39.1.2",
    "1.18.1-recommended": "39.1.0",
    "1.18.2-recommended": "40.3.0",
    "1.18.2-latest": "40.3.12",
    "1.19-latest": "41.1.0",
    "1.19-recommended": "41.1.0",
    "1.19.1-latest": "42.0.9",
    "1.19.2-recommended": "43.5.0",
    "1.19.2-latest": "43.5.2",
    "1.19.3-latest": "44.1.23",
    "1.19.3-recommended": "44.1.0",
    "1.19.4-recommended": "45.4.0",
    "1.19.4-latest": "45.4.3",
    "1.20-latest": "46.0.14",
    "1.20.1-recommended": "47.4.10",
    "1.20.1-latest": "47.4.20",
    "1.20.2-latest": "48.1.0",
    "1.20.2-recommended": "48.1.0",
    "1.20.3-latest": "49.0.2",
    "1.20.4-latest": "49.2.7",
    "1.20.4-recommended": "49.2.0",
    "1.20.6-latest": "50.2.8",
    "1.20.6-recommended": "50.2.0",
    "1.21-latest": "51.0.33",
    "1.21.1-latest": "52.1.14",
    "1.21.1-recommended": "52.1.0",
    "1.21.3-latest": "53.1.10",
    "1.21.3-recommended": "53.1.0",
    "1.21.4-latest": "54.1.16",
    "1.21.4-recommended": "54.1.14",
    "1.21.5-latest": "55.1.10",
    "1.21.5-recommended": "55.1.0",
    "1.21.6-latest": "56.0.9",
    "1.21.7-latest": "57.0.3",
    "1.21.8-latest": "58.1.18",
    "1.21.8-recommended": "58.1.0",
    "1.21.9-latest": "59.0.5",
    "1.21.10-latest": "60.1.9",
    "1.21.10-recommended": "60.1.0",
    "1.21.11-latest": "61.1.8",
    "1.21.11-recommended": "61.1.0",
    "26.1-latest": "62.0.9",
    "26.1.1-latest": "63.0.2",
    "26.1.2-latest": "64.0.10",
    "26.2-latest": "65.0.1"
  }
}
[28Juni2026 14:48:19.093] [Forge Version Check/INFO] [net.minecraftforge.fml.VersionChecker/]: [forge] Found status: BETA Current: 51.0.33 Target: 51.0.33
[28Juni2026 14:48:20.268] [modloading-worker-0/DEBUG] [net.minecraftforge.registries.GameData/REGISTRIES]: Freezing registries
[28Juni2026 14:48:20.274] [modloading-worker-0/DEBUG] [net.minecraftforge.registries.ForgeRegistry/REGISTRIES]: Registry minecraft:block Sync: FROZEN -> ACTIVE
[28Juni2026 14:48:20.505] [modloading-worker-0/DEBUG] [net.minecraftforge.registries.ForgeRegistry/REGISTRIES]: Registry minecraft:fluid Sync: FROZEN -> ACTIVE
[28Juni2026 14:48:20.505] [modloading-worker-0/DEBUG] [net.minecraftforge.registries.ForgeRegistry/REGISTRIES]: Registry minecraft:item Sync: FROZEN -> ACTIVE
[28Juni2026 14:48:20.539] [modloading-worker-0/DEBUG] [net.minecraftforge.registries.ForgeRegistry/REGISTRIES]: Registry minecraft:mob_effect Sync: FROZEN -> ACTIVE
[28Juni2026 14:48:20.542] [modloading-worker-0/DEBUG] [net.minecraftforge.registries.ForgeRegistry/REGISTRIES]: Registry minecraft:sound_event Sync: FROZEN -> ACTIVE
[28Juni2026 14:48:20.581] [modloading-worker-0/DEBUG] [net.minecraftforge.registries.ForgeRegistry/REGISTRIES]: Registry minecraft:potion Sync: FROZEN -> ACTIVE
[28Juni2026 14:48:20.582] [modloading-worker-0/DEBUG] [net.minecraftforge.registries.ForgeRegistry/REGISTRIES]: Registry minecraft:entity_type Sync: FROZEN -> ACTIVE
[28Juni2026 14:48:20.606] [modloading-worker-0/DEBUG] [net.minecraftforge.registries.ForgeRegistry/REGISTRIES]: Registry minecraft:block_entity_type Sync: FROZEN -> ACTIVE
[28Juni2026 14:48:20.611] [modloading-worker-0/DEBUG] [net.minecraftforge.registries.ForgeRegistry/REGISTRIES]: Registry minecraft:particle_type Sync: FROZEN -> ACTIVE
[28Juni2026 14:48:20.624] [modloading-worker-0/DEBUG] [net.minecraftforge.registries.ForgeRegistry/REGISTRIES]: Registry minecraft:menu Sync: FROZEN -> ACTIVE
[28Juni2026 14:48:20.627] [modloading-worker-0/DEBUG] [net.minecraftforge.registries.ForgeRegistry/REGISTRIES]: Registry minecraft:painting_variant Sync: FROZEN -> ACTIVE
[28Juni2026 14:48:20.628] [modloading-worker-0/DEBUG] [net.minecraftforge.registries.ForgeRegistry/REGISTRIES]: Registry minecraft:recipe_type Sync: FROZEN -> ACTIVE
[28Juni2026 14:48:20.628] [modloading-worker-0/DEBUG] [net.minecraftforge.registries.ForgeRegistry/REGISTRIES]: Registry minecraft:recipe_serializer Sync: FROZEN -> ACTIVE
[28Juni2026 14:48:20.629] [modloading-worker-0/DEBUG] [net.minecraftforge.registries.ForgeRegistry/REGISTRIES]: Registry minecraft:attribute Sync: FROZEN -> ACTIVE
[28Juni2026 14:48:20.630] [modloading-worker-0/DEBUG] [net.minecraftforge.registries.ForgeRegistry/REGISTRIES]: Registry minecraft:stat_type Sync: FROZEN -> ACTIVE
[28Juni2026 14:48:20.630] [modloading-worker-0/DEBUG] [net.minecraftforge.registries.ForgeRegistry/REGISTRIES]: Registry minecraft:command_argument_type Sync: FROZEN -> ACTIVE
[28Juni2026 14:48:20.631] [modloading-worker-0/DEBUG] [net.minecraftforge.registries.ForgeRegistry/REGISTRIES]: Registry minecraft:villager_profession Sync: FROZEN -> ACTIVE
[28Juni2026 14:48:20.634] [modloading-worker-0/DEBUG] [net.minecraftforge.registries.ForgeRegistry/REGISTRIES]: Registry minecraft:point_of_interest_type Sync: FROZEN -> ACTIVE
[28Juni2026 14:48:20.641] [modloading-worker-0/DEBUG] [net.minecraftforge.registries.ForgeRegistry/REGISTRIES]: Registry minecraft:memory_module_type Sync: FROZEN -> ACTIVE
[28Juni2026 14:48:20.643] [modloading-worker-0/DEBUG] [net.minecraftforge.registries.ForgeRegistry/REGISTRIES]: Registry minecraft:sensor_type Sync: FROZEN -> ACTIVE
[28Juni2026 14:48:20.643] [modloading-worker-0/DEBUG] [net.minecraftforge.registries.ForgeRegistry/REGISTRIES]: Registry minecraft:schedule Sync: FROZEN -> ACTIVE
[28Juni2026 14:48:20.643] [modloading-worker-0/DEBUG] [net.minecraftforge.registries.ForgeRegistry/REGISTRIES]: Registry minecraft:activity Sync: FROZEN -> ACTIVE
[28Juni2026 14:48:20.644] [modloading-worker-0/DEBUG] [net.minecraftforge.registries.ForgeRegistry/REGISTRIES]: Registry minecraft:worldgen/carver Sync: FROZEN -> ACTIVE
[28Juni2026 14:48:20.644] [modloading-worker-0/DEBUG] [net.minecraftforge.registries.ForgeRegistry/REGISTRIES]: Registry minecraft:worldgen/feature Sync: FROZEN -> ACTIVE
[28Juni2026 14:48:20.646] [modloading-worker-0/DEBUG] [net.minecraftforge.registries.ForgeRegistry/REGISTRIES]: Registry minecraft:chunk_status Sync: FROZEN -> ACTIVE
[28Juni2026 14:48:20.647] [modloading-worker-0/DEBUG] [net.minecraftforge.registries.ForgeRegistry/REGISTRIES]: Registry minecraft:worldgen/block_state_provider_type Sync: FROZEN -> ACTIVE
[28Juni2026 14:48:20.647] [modloading-worker-0/DEBUG] [net.minecraftforge.registries.ForgeRegistry/REGISTRIES]: Registry minecraft:worldgen/foliage_placer_type Sync: FROZEN -> ACTIVE
[28Juni2026 14:48:20.648] [modloading-worker-0/DEBUG] [net.minecraftforge.registries.ForgeRegistry/REGISTRIES]: Registry minecraft:worldgen/tree_decorator_type Sync: FROZEN -> ACTIVE
[28Juni2026 14:48:20.649] [modloading-worker-0/DEBUG] [net.minecraftforge.registries.ForgeRegistry/REGISTRIES]: Registry minecraft:worldgen/biome Sync: FROZEN -> ACTIVE
[28Juni2026 14:48:20.649] [modloading-worker-0/DEBUG] [net.minecraftforge.registries.ForgeRegistry/REGISTRIES]: Registry forge:entity_data_serializers Sync: FROZEN -> ACTIVE
[28Juni2026 14:48:20.650] [modloading-worker-0/DEBUG] [net.minecraftforge.registries.ForgeRegistry/REGISTRIES]: Registry forge:global_loot_modifier_serializers Sync: FROZEN -> ACTIVE
[28Juni2026 14:48:20.650] [modloading-worker-0/DEBUG] [net.minecraftforge.registries.ForgeRegistry/REGISTRIES]: Registry forge:biome_modifier_serializers Sync: FROZEN -> ACTIVE
[28Juni2026 14:48:20.651] [modloading-worker-0/DEBUG] [net.minecraftforge.registries.ForgeRegistry/REGISTRIES]: Registry forge:structure_modifier_serializers Sync: FROZEN -> ACTIVE
[28Juni2026 14:48:20.651] [modloading-worker-0/DEBUG] [net.minecraftforge.registries.ForgeRegistry/REGISTRIES]: Registry forge:fluid_type Sync: FROZEN -> ACTIVE
[28Juni2026 14:48:20.652] [modloading-worker-0/DEBUG] [net.minecraftforge.registries.ForgeRegistry/REGISTRIES]: Registry forge:holder_set_type Sync: FROZEN -> ACTIVE
[28Juni2026 14:48:20.652] [modloading-worker-0/DEBUG] [net.minecraftforge.registries.ForgeRegistry/REGISTRIES]: Registry forge:display_contexts Sync: FROZEN -> ACTIVE
[28Juni2026 14:48:20.652] [modloading-worker-0/DEBUG] [net.minecraftforge.registries.ForgeRegistry/REGISTRIES]: Registry forge:condition_codecs Sync: FROZEN -> ACTIVE
[28Juni2026 14:48:20.652] [modloading-worker-0/DEBUG] [net.minecraftforge.registries.ForgeRegistry/REGISTRIES]: Registry forge:ingredient_serializers Sync: FROZEN -> ACTIVE
[28Juni2026 14:48:23.039] [modloading-worker-0/DEBUG] [net.minecraftforge.registries.GameData/REGISTRIES]: All registries frozen
[28Juni2026 14:48:23.106] [Render thread/DEBUG] [net.minecraftforge.common.ForgeI18n/CORE]: Loading I18N data entries: 7094
[28Juni2026 14:48:23.160] [Render thread/WARN] [net.minecraft.client.sounds.SoundEngine/]: Missing sound for event: minecraft:item.goat_horn.play
[28Juni2026 14:48:23.162] [Render thread/WARN] [net.minecraft.client.sounds.SoundEngine/]: Missing sound for event: minecraft:entity.goat.screaming.horn_break
[28Juni2026 14:48:23.805] [Render thread/INFO] [com.mojang.blaze3d.audio.Library/]: OpenAL initialized on device OpenAL Soft on Lautsprecher (Realtek(R) Audio)
[28Juni2026 14:48:23.807] [Render thread/INFO] [net.minecraft.client.sounds.SoundEngine/SOUNDS]: Sound engine started
[28Juni2026 14:48:24.052] [Render thread/INFO] [net.minecraft.client.renderer.texture.TextureAtlas/]: Created: 1024x512x4 minecraft:textures/atlas/blocks.png-atlas
[28Juni2026 14:48:24.235] [Render thread/INFO] [net.minecraft.client.renderer.texture.TextureAtlas/]: Created: 256x256x4 minecraft:textures/atlas/signs.png-atlas
[28Juni2026 14:48:24.238] [Render thread/INFO] [net.minecraft.client.renderer.texture.TextureAtlas/]: Created: 512x512x4 minecraft:textures/atlas/shield_patterns.png-atlas
[28Juni2026 14:48:24.243] [Render thread/INFO] [net.minecraft.client.renderer.texture.TextureAtlas/]: Created: 512x512x4 minecraft:textures/atlas/banner_patterns.png-atlas
[28Juni2026 14:48:24.247] [Render thread/INFO] [net.minecraft.client.renderer.texture.TextureAtlas/]: Created: 1024x1024x4 minecraft:textures/atlas/armor_trims.png-atlas
[28Juni2026 14:48:24.303] [Render thread/INFO] [net.minecraft.client.renderer.texture.TextureAtlas/]: Created: 128x64x4 minecraft:textures/atlas/decorated_pot.png-atlas
[28Juni2026 14:48:24.307] [Render thread/INFO] [net.minecraft.client.renderer.texture.TextureAtlas/]: Created: 256x256x4 minecraft:textures/atlas/chest.png-atlas
[28Juni2026 14:48:24.310] [Render thread/INFO] [net.minecraft.client.renderer.texture.TextureAtlas/]: Created: 512x256x4 minecraft:textures/atlas/shulker_boxes.png-atlas
[28Juni2026 14:48:24.313] [Render thread/INFO] [net.minecraft.client.renderer.texture.TextureAtlas/]: Created: 512x256x4 minecraft:textures/atlas/beds.png-atlas
[28Juni2026 14:48:24.528] [Render thread/INFO] [net.minecraft.client.renderer.texture.TextureAtlas/]: Created: 512x256x0 minecraft:textures/atlas/particles.png-atlas
[28Juni2026 14:48:24.553] [Render thread/INFO] [net.minecraft.client.renderer.texture.TextureAtlas/]: Created: 512x256x0 minecraft:textures/atlas/paintings.png-atlas
[28Juni2026 14:48:24.558] [Render thread/INFO] [net.minecraft.client.renderer.texture.TextureAtlas/]: Created: 256x128x0 minecraft:textures/atlas/mob_effects.png-atlas
[28Juni2026 14:48:24.562] [Render thread/INFO] [net.minecraft.client.renderer.texture.TextureAtlas/]: Created: 64x64x0 minecraft:textures/atlas/map_decorations.png-atlas
[28Juni2026 14:48:24.565] [Render thread/INFO] [net.minecraft.client.renderer.texture.TextureAtlas/]: Created: 1024x512x0 minecraft:textures/atlas/gui.png-atlas
[28Juni2026 14:48:25.471] [Render thread/WARN] [net.minecraft.client.renderer.ShaderInstance/]: Shader rendertype_entity_translucent_emissive could not find sampler named Sampler2 in the specified shader program.
[28Juni2026 14:48:30.788] [Render thread/DEBUG] [net.minecraftforge.network.DualStackUtils/]: Detected IPv6 address: "0:0:0:0:0:0:0:0"
[28Juni2026 14:48:31.002] [LanServerDetector #1/DEBUG] [net.minecraftforge.network.DualStackUtils/]: Detected IPv6 address: "2a02:8388:e5bb:a400:ad9a:7017:9f18:2975"
[28Juni2026 14:48:32.502] [LanServerDetector #1/DEBUG] [net.minecraftforge.network.DualStackUtils/]: Detected IPv6 address: "2a02:8388:e5bb:a400:ad9a:7017:9f18:2975"
[28Juni2026 14:48:34.004] [LanServerDetector #1/DEBUG] [net.minecraftforge.network.DualStackUtils/]: Detected IPv6 address: "2a02:8388:e5bb:a400:ad9a:7017:9f18:2975"
[28Juni2026 14:48:34.332] [Render thread/INFO] [net.minecraft.client.gui.screens.ConnectScreen/]: Connecting to 2a02:8388:e5bb:a400:ad9a:7017:9f18:2975, 62091
[28Juni2026 14:48:35.025] [Server Connector #1/DEBUG] [io.netty.util.internal.InternalThreadLocalMap/]: -Dio.netty.threadLocalMap.stringBuilder.initialSize: 1024
[28Juni2026 14:48:35.026] [Server Connector #1/DEBUG] [io.netty.util.internal.InternalThreadLocalMap/]: -Dio.netty.threadLocalMap.stringBuilder.maxSize: 4096
[28Juni2026 14:48:35.034] [Server Connector #1/DEBUG] [net.minecraftforge.network.DualStackUtils/]: Detected IPv6 address: "2a02:8388:e5bb:a400:ad9a:7017:9f18:2975"
[28Juni2026 14:48:35.107] [Server Connector #1/DEBUG] [io.netty.channel.MultithreadEventLoopGroup/]: -Dio.netty.eventLoopThreads: 8
[28Juni2026 14:48:35.144] [Server Connector #1/DEBUG] [io.netty.util.concurrent.GlobalEventExecutor/]: -Dio.netty.globalEventExecutor.quietPeriodSeconds: 1
[28Juni2026 14:48:35.406] [Server Connector #1/DEBUG] [io.netty.channel.nio.NioEventLoop/]: -Dio.netty.noKeySetOptimization: false
[28Juni2026 14:48:35.406] [Server Connector #1/DEBUG] [io.netty.channel.nio.NioEventLoop/]: -Dio.netty.selectorAutoRebuildThreshold: 512
[28Juni2026 14:48:35.428] [Server Connector #1/DEBUG] [io.netty.util.internal.PlatformDependent/]: org.jctools-core.MpscChunkedArrayQueue: available
[28Juni2026 14:48:35.506] [LanServerDetector #1/DEBUG] [net.minecraftforge.network.DualStackUtils/]: Detected IPv6 address: "2a02:8388:e5bb:a400:ad9a:7017:9f18:2975"
[28Juni2026 14:48:35.615] [Server Connector #1/DEBUG] [io.netty.channel.DefaultChannelId/]: -Dio.netty.processId: 13404 (auto-detected)
[28Juni2026 14:48:35.619] [Server Connector #1/DEBUG] [io.netty.util.NetUtil/]: -Djava.net.preferIPv4Stack: false
[28Juni2026 14:48:35.620] [Server Connector #1/DEBUG] [io.netty.util.NetUtil/]: -Djava.net.preferIPv6Addresses: true
[28Juni2026 14:48:36.169] [Server Connector #1/DEBUG] [io.netty.util.NetUtilInitializations/]: Loopback interface: loopback_0 (Software Loopback Interface 1, 0:0:0:0:0:0:0:1)
[28Juni2026 14:48:36.179] [Server Connector #1/DEBUG] [io.netty.util.NetUtil/]: Failed to get SOMAXCONN from sysctl and file \proc\sys\net\core\somaxconn. Default: 200
[28Juni2026 14:48:36.359] [Server Connector #1/DEBUG] [io.netty.channel.DefaultChannelId/]: -Dio.netty.machineId: f0:2f:74:ff:fe:a4:de:0c (auto-detected)
[28Juni2026 14:48:36.500] [Server Connector #1/DEBUG] [io.netty.buffer.PooledByteBufAllocator/]: -Dio.netty.allocator.numHeapArenas: 8
[28Juni2026 14:48:36.501] [Server Connector #1/DEBUG] [io.netty.buffer.PooledByteBufAllocator/]: -Dio.netty.allocator.numDirectArenas: 8
[28Juni2026 14:48:36.501] [Server Connector #1/DEBUG] [io.netty.buffer.PooledByteBufAllocator/]: -Dio.netty.allocator.pageSize: 8192
[28Juni2026 14:48:36.501] [Server Connector #1/DEBUG] [io.netty.buffer.PooledByteBufAllocator/]: -Dio.netty.allocator.maxOrder: 9
[28Juni2026 14:48:36.501] [Server Connector #1/DEBUG] [io.netty.buffer.PooledByteBufAllocator/]: -Dio.netty.allocator.chunkSize: 4194304
[28Juni2026 14:48:36.502] [Server Connector #1/DEBUG] [io.netty.buffer.PooledByteBufAllocator/]: -Dio.netty.allocator.smallCacheSize: 256
[28Juni2026 14:48:36.502] [Server Connector #1/DEBUG] [io.netty.buffer.PooledByteBufAllocator/]: -Dio.netty.allocator.normalCacheSize: 64
[28Juni2026 14:48:36.503] [Server Connector #1/DEBUG] [io.netty.buffer.PooledByteBufAllocator/]: -Dio.netty.allocator.maxCachedBufferCapacity: 32768
[28Juni2026 14:48:36.503] [Server Connector #1/DEBUG] [io.netty.buffer.PooledByteBufAllocator/]: -Dio.netty.allocator.cacheTrimInterval: 8192
[28Juni2026 14:48:36.503] [Server Connector #1/DEBUG] [io.netty.buffer.PooledByteBufAllocator/]: -Dio.netty.allocator.cacheTrimIntervalMillis: 0
[28Juni2026 14:48:36.503] [Server Connector #1/DEBUG] [io.netty.buffer.PooledByteBufAllocator/]: -Dio.netty.allocator.useCacheForAllThreads: false
[28Juni2026 14:48:36.504] [Server Connector #1/DEBUG] [io.netty.buffer.PooledByteBufAllocator/]: -Dio.netty.allocator.maxCachedByteBuffersPerChunk: 1023
[28Juni2026 14:48:36.546] [Server Connector #1/DEBUG] [io.netty.buffer.ByteBufUtil/]: -Dio.netty.allocator.type: pooled
[28Juni2026 14:48:36.546] [Server Connector #1/DEBUG] [io.netty.buffer.ByteBufUtil/]: -Dio.netty.threadLocalDirectBufferSize: 0
[28Juni2026 14:48:36.546] [Server Connector #1/DEBUG] [io.netty.buffer.ByteBufUtil/]: -Dio.netty.maxThreadLocalCharBufferSize: 16384
[28Juni2026 14:48:36.648] [Netty Client IO #0/DEBUG] [io.netty.buffer.AbstractByteBuf/]: -Dio.netty.buffer.checkAccessible: true
[28Juni2026 14:48:36.648] [Netty Client IO #0/DEBUG] [io.netty.buffer.AbstractByteBuf/]: -Dio.netty.buffer.checkBounds: true
[28Juni2026 14:48:36.653] [Netty Client IO #0/DEBUG] [io.netty.util.ResourceLeakDetectorFactory/]: Loaded default ResourceLeakDetector: io.netty.util.ResourceLeakDetector@470a0944
[28Juni2026 14:48:36.737] [Netty Client IO #0/DEBUG] [net.minecraftforge.network.filters.NetworkFilters/]: Injected net.minecraftforge.network.filters.VanillaConnectionNetworkFilter@69b1cc8a into net.minecraft.network.Connection@2a53dd2b
[28Juni2026 14:48:36.813] [Server Connector #1/DEBUG] [io.netty.util.Recycler/]: -Dio.netty.recycler.maxCapacityPerThread: 4096
[28Juni2026 14:48:36.813] [Server Connector #1/DEBUG] [io.netty.util.Recycler/]: -Dio.netty.recycler.ratio: 8
[28Juni2026 14:48:36.814] [Server Connector #1/DEBUG] [io.netty.util.Recycler/]: -Dio.netty.recycler.chunkSize: 32
[28Juni2026 14:48:36.814] [Server Connector #1/DEBUG] [io.netty.util.Recycler/]: -Dio.netty.recycler.blocking: false
[28Juni2026 14:48:36.814] [Server Connector #1/DEBUG] [io.netty.util.Recycler/]: -Dio.netty.recycler.batchFastThreadLocalOnly: true
[28Juni2026 14:48:38.605] [IO-Worker-1/WARN] [net.minecraft.client.multiplayer.ClientHandshakePacketListenerImpl/]: Failed to log in: Invalid session (Try restarting your game and the launcher)
[28Juni2026 14:48:42.853] [Netty Client IO #0/DEBUG] [net.minecraftforge.network.ForgePacketHandler/FORGE_PACKET_HANDLER]: Received server connection with modlist [forge, inventory_dimension, minecraft]
[28Juni2026 14:48:42.860] [Netty Client IO #0/DEBUG] [net.minecraftforge.network.ForgePacketHandler/FORGE_PACKET_HANDLER]: Accepted server connection
[28Juni2026 14:48:42.900] [Netty Client IO #0/DEBUG] [net.minecraftforge.network.ForgePacketHandler/FORGE_PACKET_HANDLER]: Received server connection with channels [forge:channel_registration, forge:handshake, forge:login, inventory_dimension:main_channel]
[28Juni2026 14:48:42.922] [Netty Client IO #0/DEBUG] [net.minecraftforge.network.NetworkRegistry/NETREGISTRY]: Channel 'inventory_dimension:main_channel' : Version test of 'PRESENT 1' from server : ACCEPTED
[28Juni2026 14:48:42.923] [Netty Client IO #0/DEBUG] [net.minecraftforge.network.NetworkRegistry/NETREGISTRY]: Channel 'forge:handshake' : Version test of 'PRESENT 0' from server : ACCEPTED
[28Juni2026 14:48:42.923] [Netty Client IO #0/DEBUG] [net.minecraftforge.network.NetworkRegistry/NETREGISTRY]: Channel 'forge:login' : Version test of 'PRESENT 0' from server : ACCEPTED
[28Juni2026 14:48:42.923] [Netty Client IO #0/DEBUG] [net.minecraftforge.network.NetworkRegistry/NETREGISTRY]: Channel 'forge:channel_registration' : Version test of 'PRESENT 0' from server : ACCEPTED
[28Juni2026 14:48:42.924] [Netty Client IO #0/DEBUG] [net.minecraftforge.network.NetworkRegistry/NETREGISTRY]: Accepting channel list from server
[28Juni2026 14:48:43.192] [Netty Client IO #0/DEBUG] [net.minecraftforge.network.ForgePacketHandler/FORGE_PACKET_HANDLER]: Expecting 18 registries: minecraft:command_argument_type, minecraft:recipe_serializer, minecraft:sound_event, minecraft:particle_type, minecraft:villager_profession, minecraft:item, minecraft:potion, minecraft:painting_variant, forge:fluid_type, minecraft:block_entity_type, forge:display_contexts, minecraft:block, forge:entity_data_serializers, minecraft:mob_effect, minecraft:stat_type, minecraft:menu, minecraft:fluid, minecraft:entity_type
[28Juni2026 14:48:43.389] [Netty Client IO #0/DEBUG] [net.minecraftforge.network.ForgePacketHandler/FORGE_PACKET_HANDLER]: Received registry data packet for minecraft:command_argument_type token 1
[28Juni2026 14:48:43.408] [Netty Client IO #0/DEBUG] [net.minecraftforge.network.ForgePacketHandler/FORGE_PACKET_HANDLER]: Received registry data packet for minecraft:recipe_serializer token 2
[28Juni2026 14:48:43.730] [Netty Client IO #0/DEBUG] [net.minecraftforge.network.ForgePacketHandler/FORGE_PACKET_HANDLER]: Received registry data packet for minecraft:sound_event token 3
[28Juni2026 14:48:43.751] [Netty Client IO #0/DEBUG] [net.minecraftforge.network.ForgePacketHandler/FORGE_PACKET_HANDLER]: Received registry data packet for minecraft:particle_type token 4
[28Juni2026 14:48:43.763] [Netty Client IO #0/DEBUG] [net.minecraftforge.network.ForgePacketHandler/FORGE_PACKET_HANDLER]: Received registry data packet for minecraft:villager_profession token 5
[28Juni2026 14:48:43.840] [Netty Client IO #0/DEBUG] [net.minecraftforge.network.ForgePacketHandler/FORGE_PACKET_HANDLER]: Received registry data packet for minecraft:item token 6
[28Juni2026 14:48:43.850] [Netty Client IO #0/DEBUG] [net.minecraftforge.network.ForgePacketHandler/FORGE_PACKET_HANDLER]: Received registry data packet for minecraft:potion token 7
[28Juni2026 14:48:43.852] [Netty Client IO #0/DEBUG] [net.minecraftforge.network.ForgePacketHandler/FORGE_PACKET_HANDLER]: Received registry data packet for minecraft:painting_variant token 8
[28Juni2026 14:48:43.865] [Netty Client IO #0/DEBUG] [net.minecraftforge.network.ForgePacketHandler/FORGE_PACKET_HANDLER]: Received registry data packet for forge:fluid_type token 9
[28Juni2026 14:48:43.870] [Netty Client IO #0/DEBUG] [net.minecraftforge.network.ForgePacketHandler/FORGE_PACKET_HANDLER]: Received registry data packet for minecraft:block_entity_type token 10
[28Juni2026 14:48:43.890] [Netty Client IO #0/DEBUG] [net.minecraftforge.network.ForgePacketHandler/FORGE_PACKET_HANDLER]: Received registry data packet for forge:display_contexts token 11
[28Juni2026 14:48:44.038] [Netty Client IO #0/DEBUG] [net.minecraftforge.network.ForgePacketHandler/FORGE_PACKET_HANDLER]: Received registry data packet for minecraft:block token 12
[28Juni2026 14:48:44.090] [Netty Client IO #0/DEBUG] [net.minecraftforge.network.ForgePacketHandler/FORGE_PACKET_HANDLER]: Received registry data packet for forge:entity_data_serializers token 13
[28Juni2026 14:48:44.145] [Netty Client IO #0/DEBUG] [net.minecraftforge.network.ForgePacketHandler/FORGE_PACKET_HANDLER]: Received registry data packet for minecraft:mob_effect token 14
[28Juni2026 14:48:44.152] [Netty Client IO #0/DEBUG] [net.minecraftforge.network.ForgePacketHandler/FORGE_PACKET_HANDLER]: Received registry data packet for minecraft:stat_type token 15
[28Juni2026 14:48:44.204] [Netty Client IO #0/DEBUG] [net.minecraftforge.network.ForgePacketHandler/FORGE_PACKET_HANDLER]: Received registry data packet for minecraft:menu token 16
[28Juni2026 14:48:44.214] [Netty Client IO #0/DEBUG] [net.minecraftforge.network.ForgePacketHandler/FORGE_PACKET_HANDLER]: Received registry data packet for minecraft:fluid token 17
[28Juni2026 14:48:44.243] [Netty Client IO #0/DEBUG] [net.minecraftforge.network.ForgePacketHandler/FORGE_PACKET_HANDLER]: Received registry data packet for minecraft:entity_type token 18
[28Juni2026 14:48:44.244] [Netty Client IO #0/DEBUG] [net.minecraftforge.network.ForgePacketHandler/FORGE_PACKET_HANDLER]: Waiting for registries to load.
[28Juni2026 14:48:44.256] [Render thread/DEBUG] [net.minecraftforge.network.ForgePacketHandler/FORGE_PACKET_HANDLER]: Injecting registry snapshot from server.
[28Juni2026 14:48:44.256] [Render thread/INFO] [net.minecraftforge.registries.GameData/REGISTRIES]: Injecting existing registry data into this CLIENT instance
[28Juni2026 14:48:44.384] [Render thread/DEBUG] [net.minecraftforge.registries.ForgeRegistry/REGISTRIES]: Registry minecraft:block Sync: ACTIVE -> STAGING
[28Juni2026 14:48:44.400] [Render thread/DEBUG] [net.minecraftforge.registries.ForgeRegistry/REGISTRIES]: Registry minecraft:fluid Sync: ACTIVE -> STAGING
[28Juni2026 14:48:44.400] [Render thread/DEBUG] [net.minecraftforge.registries.ForgeRegistry/REGISTRIES]: Registry minecraft:item Sync: ACTIVE -> STAGING
[28Juni2026 14:48:44.415] [Render thread/DEBUG] [net.minecraftforge.registries.ForgeRegistry/REGISTRIES]: Registry minecraft:mob_effect Sync: ACTIVE -> STAGING
[28Juni2026 14:48:44.416] [Render thread/DEBUG] [net.minecraftforge.registries.ForgeRegistry/REGISTRIES]: Registry minecraft:sound_event Sync: ACTIVE -> STAGING
[28Juni2026 14:48:44.432] [Render thread/DEBUG] [net.minecraftforge.registries.ForgeRegistry/REGISTRIES]: Registry minecraft:potion Sync: ACTIVE -> STAGING
[28Juni2026 14:48:44.432] [Render thread/DEBUG] [net.minecraftforge.registries.ForgeRegistry/REGISTRIES]: Registry minecraft:entity_type Sync: ACTIVE -> STAGING
[28Juni2026 14:48:44.433] [Render thread/DEBUG] [net.minecraftforge.registries.ForgeRegistry/REGISTRIES]: Registry minecraft:block_entity_type Sync: ACTIVE -> STAGING
[28Juni2026 14:48:44.434] [Render thread/DEBUG] [net.minecraftforge.registries.ForgeRegistry/REGISTRIES]: Registry minecraft:particle_type Sync: ACTIVE -> STAGING
[28Juni2026 14:48:44.435] [Render thread/DEBUG] [net.minecraftforge.registries.ForgeRegistry/REGISTRIES]: Registry minecraft:menu Sync: ACTIVE -> STAGING
[28Juni2026 14:48:44.435] [Render thread/DEBUG] [net.minecraftforge.registries.ForgeRegistry/REGISTRIES]: Registry minecraft:painting_variant Sync: ACTIVE -> STAGING
[28Juni2026 14:48:44.435] [Render thread/DEBUG] [net.minecraftforge.registries.ForgeRegistry/REGISTRIES]: Registry minecraft:recipe_serializer Sync: ACTIVE -> STAGING
[28Juni2026 14:48:44.436] [Render thread/DEBUG] [net.minecraftforge.registries.ForgeRegistry/REGISTRIES]: Registry minecraft:stat_type Sync: ACTIVE -> STAGING
[28Juni2026 14:48:44.436] [Render thread/DEBUG] [net.minecraftforge.registries.ForgeRegistry/REGISTRIES]: Registry minecraft:command_argument_type Sync: ACTIVE -> STAGING
[28Juni2026 14:48:44.436] [Render thread/DEBUG] [net.minecraftforge.registries.ForgeRegistry/REGISTRIES]: Registry minecraft:villager_profession Sync: ACTIVE -> STAGING
[28Juni2026 14:48:44.436] [Render thread/DEBUG] [net.minecraftforge.registries.ForgeRegistry/REGISTRIES]: Registry forge:entity_data_serializers Sync: ACTIVE -> STAGING
[28Juni2026 14:48:44.437] [Render thread/DEBUG] [net.minecraftforge.registries.ForgeRegistry/REGISTRIES]: Registry forge:fluid_type Sync: ACTIVE -> STAGING
[28Juni2026 14:48:44.437] [Render thread/DEBUG] [net.minecraftforge.registries.ForgeRegistry/REGISTRIES]: Registry forge:display_contexts Sync: ACTIVE -> STAGING
[28Juni2026 14:48:45.376] [Render thread/DEBUG] [net.minecraftforge.registries.ObjectHolderRegistry/REGISTRIES]: Applying holder lookups
[28Juni2026 14:48:45.385] [Render thread/DEBUG] [net.minecraftforge.registries.ObjectHolderRegistry/REGISTRIES]: Holder lookups applied
[28Juni2026 14:48:45.385] [Render thread/DEBUG] [net.minecraftforge.network.ForgePacketHandler/FORGE_PACKET_HANDLER]: Snapshot injected.
[28Juni2026 14:48:45.386] [Netty Client IO #0/DEBUG] [net.minecraftforge.network.ForgePacketHandler/FORGE_PACKET_HANDLER]: Registry load complete, continuing handshake.
[28Juni2026 14:48:45.412] [Netty Client IO #0/DEBUG] [net.minecraftforge.network.ForgePacketHandler/FORGE_PACKET_HANDLER]: Received config sync from server for forge-server.toml
[28Juni2026 14:48:45.413] [Netty Client IO #0/DEBUG] [net.minecraftforge.common.ForgeConfig/FORGEMOD]: Forge config just got changed on the file system!
[28Juni2026 14:48:47.314] [Render thread/INFO] [net.minecraftforge.common.ForgeHooks/]: Connected to a modded server.
[28Juni2026 14:48:48.984] [Render thread/INFO] [net.minecraft.advancements.AdvancementTree/]: Loaded 46 advancements
[28Juni2026 14:49:26.138] [Render thread/DEBUG] [net.minecraftforge.coremod.transformer.CoreModBaseTransformer/COREMOD]: Transforming net/minecraft/world/level/block/entity/trialspawner/TrialSpawner
[28Juni2026 14:50:54.613] [Render thread/INFO] [net.minecraft.advancements.AdvancementTree/]: Loaded 57 advancements
[28Juni2026 14:52:41.210] [Render thread/INFO] [net.minecraft.client.gui.components.ChatComponent/]: [System] [CHAT] [Debug]: Chunk borders: shown
[28Juni2026 14:53:25.885] [Render thread/DEBUG] [net.minecraftforge.coremod.transformer.CoreModBaseTransformer/COREMOD]: Transforming net/minecraft/world/entity/raid/Raid
[28Juni2026 14:53:58.510] [Render thread/DEBUG] [net.minecraftforge.registries.GameData/REGISTRIES]: Reverting to FROZEN data state.
[28Juni2026 14:53:58.511] [Render thread/DEBUG] [net.minecraftforge.registries.ForgeRegistry/REGISTRIES]: Registry minecraft:block Sync: ACTIVE -> FROZEN
[28Juni2026 14:53:58.527] [Render thread/DEBUG] [net.minecraftforge.registries.ForgeRegistry/REGISTRIES]: Registry minecraft:fluid Sync: ACTIVE -> FROZEN
[28Juni2026 14:53:58.529] [Render thread/DEBUG] [net.minecraftforge.registries.ForgeRegistry/REGISTRIES]: Registry minecraft:item Sync: ACTIVE -> FROZEN
[28Juni2026 14:53:58.545] [Render thread/DEBUG] [net.minecraftforge.registries.ForgeRegistry/REGISTRIES]: Registry minecraft:mob_effect Sync: ACTIVE -> FROZEN
[28Juni2026 14:53:58.546] [Render thread/DEBUG] [net.minecraftforge.registries.ForgeRegistry/REGISTRIES]: Registry minecraft:sound_event Sync: ACTIVE -> FROZEN
[28Juni2026 14:53:58.565] [Render thread/DEBUG] [net.minecraftforge.registries.ForgeRegistry/REGISTRIES]: Registry minecraft:potion Sync: ACTIVE -> FROZEN
[28Juni2026 14:53:58.566] [Render thread/DEBUG] [net.minecraftforge.registries.ForgeRegistry/REGISTRIES]: Registry minecraft:entity_type Sync: ACTIVE -> FROZEN
[28Juni2026 14:53:58.567] [Render thread/DEBUG] [net.minecraftforge.registries.ForgeRegistry/REGISTRIES]: Registry minecraft:block_entity_type Sync: ACTIVE -> FROZEN
[28Juni2026 14:53:58.568] [Render thread/DEBUG] [net.minecraftforge.registries.ForgeRegistry/REGISTRIES]: Registry minecraft:particle_type Sync: ACTIVE -> FROZEN
[28Juni2026 14:53:58.570] [Render thread/DEBUG] [net.minecraftforge.registries.ForgeRegistry/REGISTRIES]: Registry minecraft:menu Sync: ACTIVE -> FROZEN
[28Juni2026 14:53:58.571] [Render thread/DEBUG] [net.minecraftforge.registries.ForgeRegistry/REGISTRIES]: Registry minecraft:painting_variant Sync: ACTIVE -> FROZEN
[28Juni2026 14:53:58.571] [Render thread/DEBUG] [net.minecraftforge.registries.ForgeRegistry/REGISTRIES]: Registry minecraft:recipe_type Sync: ACTIVE -> FROZEN
[28Juni2026 14:53:58.571] [Render thread/DEBUG] [net.minecraftforge.registries.ForgeRegistry/REGISTRIES]: Registry minecraft:recipe_serializer Sync: ACTIVE -> FROZEN
[28Juni2026 14:53:58.571] [Render thread/DEBUG] [net.minecraftforge.registries.ForgeRegistry/REGISTRIES]: Registry minecraft:attribute Sync: ACTIVE -> FROZEN
[28Juni2026 14:53:58.572] [Render thread/DEBUG] [net.minecraftforge.registries.ForgeRegistry/REGISTRIES]: Registry minecraft:stat_type Sync: ACTIVE -> FROZEN
[28Juni2026 14:53:58.572] [Render thread/DEBUG] [net.minecraftforge.registries.ForgeRegistry/REGISTRIES]: Registry minecraft:command_argument_type Sync: ACTIVE -> FROZEN
[28Juni2026 14:53:58.573] [Render thread/DEBUG] [net.minecraftforge.registries.ForgeRegistry/REGISTRIES]: Registry minecraft:villager_profession Sync: ACTIVE -> FROZEN
[28Juni2026 14:53:58.574] [Render thread/DEBUG] [net.minecraftforge.registries.ForgeRegistry/REGISTRIES]: Registry minecraft:point_of_interest_type Sync: ACTIVE -> FROZEN
[28Juni2026 14:53:58.579] [Render thread/DEBUG] [net.minecraftforge.registries.ForgeRegistry/REGISTRIES]: Registry minecraft:memory_module_type Sync: ACTIVE -> FROZEN
[28Juni2026 14:53:58.581] [Render thread/DEBUG] [net.minecraftforge.registries.ForgeRegistry/REGISTRIES]: Registry minecraft:sensor_type Sync: ACTIVE -> FROZEN
[28Juni2026 14:53:58.583] [Render thread/DEBUG] [net.minecraftforge.registries.ForgeRegistry/REGISTRIES]: Registry minecraft:schedule Sync: ACTIVE -> FROZEN
[28Juni2026 14:53:58.583] [Render thread/DEBUG] [net.minecraftforge.registries.ForgeRegistry/REGISTRIES]: Registry minecraft:activity Sync: ACTIVE -> FROZEN
[28Juni2026 14:53:58.584] [Render thread/DEBUG] [net.minecraftforge.registries.ForgeRegistry/REGISTRIES]: Registry minecraft:worldgen/carver Sync: ACTIVE -> FROZEN
[28Juni2026 14:53:58.584] [Render thread/DEBUG] [net.minecraftforge.registries.ForgeRegistry/REGISTRIES]: Registry minecraft:worldgen/feature Sync: ACTIVE -> FROZEN
[28Juni2026 14:53:58.595] [Render thread/DEBUG] [net.minecraftforge.registries.ForgeRegistry/REGISTRIES]: Registry minecraft:chunk_status Sync: ACTIVE -> FROZEN
[28Juni2026 14:53:58.597] [Render thread/DEBUG] [net.minecraftforge.registries.ForgeRegistry/REGISTRIES]: Registry minecraft:worldgen/block_state_provider_type Sync: ACTIVE -> FROZEN
[28Juni2026 14:53:58.597] [Render thread/DEBUG] [net.minecraftforge.registries.ForgeRegistry/REGISTRIES]: Registry minecraft:worldgen/foliage_placer_type Sync: ACTIVE -> FROZEN
[28Juni2026 14:53:58.598] [Render thread/DEBUG] [net.minecraftforge.registries.ForgeRegistry/REGISTRIES]: Registry minecraft:worldgen/tree_decorator_type Sync: ACTIVE -> FROZEN
[28Juni2026 14:53:58.598] [Render thread/DEBUG] [net.minecraftforge.registries.ForgeRegistry/REGISTRIES]: Registry minecraft:worldgen/biome Sync: ACTIVE -> FROZEN
[28Juni2026 14:53:58.603] [Render thread/DEBUG] [net.minecraftforge.registries.ForgeRegistry/REGISTRIES]: Registry forge:entity_data_serializers Sync: ACTIVE -> FROZEN
[28Juni2026 14:53:58.604] [Render thread/DEBUG] [net.minecraftforge.registries.ForgeRegistry/REGISTRIES]: Registry forge:global_loot_modifier_serializers Sync: ACTIVE -> FROZEN
[28Juni2026 14:53:58.604] [Render thread/DEBUG] [net.minecraftforge.registries.ForgeRegistry/REGISTRIES]: Registry forge:biome_modifier_serializers Sync: ACTIVE -> FROZEN
[28Juni2026 14:53:58.604] [Render thread/DEBUG] [net.minecraftforge.registries.ForgeRegistry/REGISTRIES]: Registry forge:structure_modifier_serializers Sync: ACTIVE -> FROZEN
[28Juni2026 14:53:58.605] [Render thread/DEBUG] [net.minecraftforge.registries.ForgeRegistry/REGISTRIES]: Registry forge:fluid_type Sync: ACTIVE -> FROZEN
[28Juni2026 14:53:58.608] [Render thread/DEBUG] [net.minecraftforge.registries.ForgeRegistry/REGISTRIES]: Registry forge:holder_set_type Sync: ACTIVE -> FROZEN
[28Juni2026 14:53:58.608] [Render thread/DEBUG] [net.minecraftforge.registries.ForgeRegistry/REGISTRIES]: Registry forge:display_contexts Sync: ACTIVE -> FROZEN
[28Juni2026 14:53:58.608] [Render thread/DEBUG] [net.minecraftforge.registries.ForgeRegistry/REGISTRIES]: Registry forge:condition_codecs Sync: ACTIVE -> FROZEN
[28Juni2026 14:53:58.609] [Render thread/DEBUG] [net.minecraftforge.registries.ForgeRegistry/REGISTRIES]: Registry forge:ingredient_serializers Sync: ACTIVE -> FROZEN
[28Juni2026 14:53:59.696] [Render thread/DEBUG] [net.minecraftforge.registries.ObjectHolderRegistry/REGISTRIES]: Applying holder lookups
[28Juni2026 14:53:59.702] [Render thread/DEBUG] [net.minecraftforge.registries.ObjectHolderRegistry/REGISTRIES]: Holder lookups applied
[28Juni2026 14:53:59.702] [Render thread/DEBUG] [net.minecraftforge.registries.GameData/REGISTRIES]: FROZEN state restored.
[28Juni2026 14:54:02.111] [LanServerDetector #2/DEBUG] [net.minecraftforge.network.DualStackUtils/]: Detected IPv6 address: "2a02:8388:e5bb:a400:ad9a:7017:9f18:2975"
[28Juni2026 14:54:03.612] [LanServerDetector #2/DEBUG] [net.minecraftforge.network.DualStackUtils/]: Detected IPv6 address: "2a02:8388:e5bb:a400:ad9a:7017:9f18:2975"
[28Juni2026 14:54:05.113] [LanServerDetector #2/DEBUG] [net.minecraftforge.network.DualStackUtils/]: Detected IPv6 address: "2a02:8388:e5bb:a400:ad9a:7017:9f18:2975"
[28Juni2026 14:54:06.620] [LanServerDetector #2/DEBUG] [net.minecraftforge.network.DualStackUtils/]: Detected IPv6 address: "2a02:8388:e5bb:a400:ad9a:7017:9f18:2975"
[28Juni2026 14:54:08.120] [LanServerDetector #2/DEBUG] [net.minecraftforge.network.DualStackUtils/]: Detected IPv6 address: "2a02:8388:e5bb:a400:ad9a:7017:9f18:2975"
[28Juni2026 14:54:09.621] [LanServerDetector #2/DEBUG] [net.minecraftforge.network.DualStackUtils/]: Detected IPv6 address: "2a02:8388:e5bb:a400:ad9a:7017:9f18:2975"
[28Juni2026 14:54:11.122] [LanServerDetector #2/DEBUG] [net.minecraftforge.network.DualStackUtils/]: Detected IPv6 address: "2a02:8388:e5bb:a400:ad9a:7017:9f18:2975"
[28Juni2026 14:54:12.622] [LanServerDetector #2/DEBUG] [net.minecraftforge.network.DualStackUtils/]: Detected IPv6 address: "2a02:8388:e5bb:a400:ad9a:7017:9f18:2975"
[28Juni2026 14:54:14.127] [LanServerDetector #2/DEBUG] [net.minecraftforge.network.DualStackUtils/]: Detected IPv6 address: "2a02:8388:e5bb:a400:ad9a:7017:9f18:2975"
[28Juni2026 14:54:15.629] [LanServerDetector #2/DEBUG] [net.minecraftforge.network.DualStackUtils/]: Detected IPv6 address: "2a02:8388:e5bb:a400:ad9a:7017:9f18:2975"
[28Juni2026 14:54:17.131] [LanServerDetector #2/DEBUG] [net.minecraftforge.network.DualStackUtils/]: Detected IPv6 address: "2a02:8388:e5bb:a400:ad9a:7017:9f18:2975"
[28Juni2026 14:54:18.632] [LanServerDetector #2/DEBUG] [net.minecraftforge.network.DualStackUtils/]: Detected IPv6 address: "2a02:8388:e5bb:a400:ad9a:7017:9f18:2975"
[28Juni2026 14:54:20.134] [LanServerDetector #2/DEBUG] [net.minecraftforge.network.DualStackUtils/]: Detected IPv6 address: "2a02:8388:e5bb:a400:ad9a:7017:9f18:2975"
[28Juni2026 14:54:21.641] [LanServerDetector #2/DEBUG] [net.minecraftforge.network.DualStackUtils/]: Detected IPv6 address: "2a02:8388:e5bb:a400:ad9a:7017:9f18:2975"
[28Juni2026 14:54:23.141] [LanServerDetector #2/DEBUG] [net.minecraftforge.network.DualStackUtils/]: Detected IPv6 address: "2a02:8388:e5bb:a400:ad9a:7017:9f18:2975"
[28Juni2026 14:54:24.643] [LanServerDetector #2/DEBUG] [net.minecraftforge.network.DualStackUtils/]: Detected IPv6 address: "2a02:8388:e5bb:a400:ad9a:7017:9f18:2975"
[28Juni2026 14:54:26.144] [LanServerDetector #2/DEBUG] [net.minecraftforge.network.DualStackUtils/]: Detected IPv6 address: "2a02:8388:e5bb:a400:ad9a:7017:9f18:2975"
[28Juni2026 14:54:27.645] [LanServerDetector #2/DEBUG] [net.minecraftforge.network.DualStackUtils/]: Detected IPv6 address: "2a02:8388:e5bb:a400:ad9a:7017:9f18:2975"
[28Juni2026 14:54:29.152] [LanServerDetector #2/DEBUG] [net.minecraftforge.network.DualStackUtils/]: Detected IPv6 address: "2a02:8388:e5bb:a400:ad9a:7017:9f18:2975"
[28Juni2026 14:54:30.652] [LanServerDetector #2/DEBUG] [net.minecraftforge.network.DualStackUtils/]: Detected IPv6 address: "2a02:8388:e5bb:a400:ad9a:7017:9f18:2975"
[28Juni2026 14:54:32.153] [LanServerDetector #2/DEBUG] [net.minecraftforge.network.DualStackUtils/]: Detected IPv6 address: "2a02:8388:e5bb:a400:ad9a:7017:9f18:2975"
[28Juni2026 14:54:33.655] [LanServerDetector #2/DEBUG] [net.minecraftforge.network.DualStackUtils/]: Detected IPv6 address: "2a02:8388:e5bb:a400:ad9a:7017:9f18:2975"
[28Juni2026 14:54:35.156] [LanServerDetector #2/DEBUG] [net.minecraftforge.network.DualStackUtils/]: Detected IPv6 address: "2a02:8388:e5bb:a400:ad9a:7017:9f18:2975"
[28Juni2026 14:54:36.660] [LanServerDetector #2/DEBUG] [net.minecraftforge.network.DualStackUtils/]: Detected IPv6 address: "2a02:8388:e5bb:a400:ad9a:7017:9f18:2975"
[28Juni2026 14:54:38.161] [LanServerDetector #2/DEBUG] [net.minecraftforge.network.DualStackUtils/]: Detected IPv6 address: "2a02:8388:e5bb:a400:ad9a:7017:9f18:2975"
[28Juni2026 14:54:39.664] [LanServerDetector #2/DEBUG] [net.minecraftforge.network.DualStackUtils/]: Detected IPv6 address: "2a02:8388:e5bb:a400:ad9a:7017:9f18:2975"
[28Juni2026 14:54:41.170] [LanServerDetector #2/DEBUG] [net.minecraftforge.network.DualStackUtils/]: Detected IPv6 address: "2a02:8388:e5bb:a400:ad9a:7017:9f18:2975"
[28Juni2026 14:54:42.671] [LanServerDetector #2/DEBUG] [net.minecraftforge.network.DualStackUtils/]: Detected IPv6 address: "2a02:8388:e5bb:a400:ad9a:7017:9f18:2975"
[28Juni2026 14:54:44.171] [LanServerDetector #2/DEBUG] [net.minecraftforge.network.DualStackUtils/]: Detected IPv6 address: "2a02:8388:e5bb:a400:ad9a:7017:9f18:2975"
[28Juni2026 14:54:45.672] [LanServerDetector #2/DEBUG] [net.minecraftforge.network.DualStackUtils/]: Detected IPv6 address: "2a02:8388:e5bb:a400:ad9a:7017:9f18:2975"
[28Juni2026 14:54:47.175] [LanServerDetector #2/DEBUG] [net.minecraftforge.network.DualStackUtils/]: Detected IPv6 address: "2a02:8388:e5bb:a400:ad9a:7017:9f18:2975"
[28Juni2026 14:54:48.676] [LanServerDetector #2/DEBUG] [net.minecraftforge.network.DualStackUtils/]: Detected IPv6 address: "2a02:8388:e5bb:a400:ad9a:7017:9f18:2975"
[28Juni2026 14:54:50.185] [LanServerDetector #2/DEBUG] [net.minecraftforge.network.DualStackUtils/]: Detected IPv6 address: "2a02:8388:e5bb:a400:ad9a:7017:9f18:2975"
[28Juni2026 14:54:51.686] [LanServerDetector #2/DEBUG] [net.minecraftforge.network.DualStackUtils/]: Detected IPv6 address: "2a02:8388:e5bb:a400:ad9a:7017:9f18:2975"
[28Juni2026 14:54:53.188] [LanServerDetector #2/DEBUG] [net.minecraftforge.network.DualStackUtils/]: Detected IPv6 address: "2a02:8388:e5bb:a400:ad9a:7017:9f18:2975"
[28Juni2026 14:54:54.690] [LanServerDetector #2/DEBUG] [net.minecraftforge.network.DualStackUtils/]: Detected IPv6 address: "2a02:8388:e5bb:a400:ad9a:7017:9f18:2975"
[28Juni2026 14:54:56.192] [LanServerDetector #2/DEBUG] [net.minecraftforge.network.DualStackUtils/]: Detected IPv6 address: "2a02:8388:e5bb:a400:ad9a:7017:9f18:2975"
[28Juni2026 14:54:57.695] [LanServerDetector #2/DEBUG] [net.minecraftforge.network.DualStackUtils/]: Detected IPv6 address: "2a02:8388:e5bb:a400:ad9a:7017:9f18:2975"
[28Juni2026 14:54:59.202] [LanServerDetector #2/DEBUG] [net.minecraftforge.network.DualStackUtils/]: Detected IPv6 address: "2a02:8388:e5bb:a400:ad9a:7017:9f18:2975"
[28Juni2026 14:55:00.704] [LanServerDetector #2/DEBUG] [net.minecraftforge.network.DualStackUtils/]: Detected IPv6 address: "2a02:8388:e5bb:a400:ad9a:7017:9f18:2975"
[28Juni2026 14:55:02.205] [LanServerDetector #2/DEBUG] [net.minecraftforge.network.DualStackUtils/]: Detected IPv6 address: "2a02:8388:e5bb:a400:ad9a:7017:9f18:2975"
[28Juni2026 14:55:03.706] [LanServerDetector #2/DEBUG] [net.minecraftforge.network.DualStackUtils/]: Detected IPv6 address: "2a02:8388:e5bb:a400:ad9a:7017:9f18:2975"
[28Juni2026 14:55:05.208] [LanServerDetector #2/DEBUG] [net.minecraftforge.network.DualStackUtils/]: Detected IPv6 address: "2a02:8388:e5bb:a400:ad9a:7017:9f18:2975"
[28Juni2026 14:55:06.709] [LanServerDetector #2/DEBUG] [net.minecraftforge.network.DualStackUtils/]: Detected IPv6 address: "2a02:8388:e5bb:a400:ad9a:7017:9f18:2975"
[28Juni2026 14:55:08.212] [LanServerDetector #2/DEBUG] [net.minecraftforge.network.DualStackUtils/]: Detected IPv6 address: "2a02:8388:e5bb:a400:ad9a:7017:9f18:2975"
[28Juni2026 14:55:09.715] [LanServerDetector #2/DEBUG] [net.minecraftforge.network.DualStackUtils/]: Detected IPv6 address: "2a02:8388:e5bb:a400:ad9a:7017:9f18:2975"
[28Juni2026 14:55:11.216] [LanServerDetector #2/DEBUG] [net.minecraftforge.network.DualStackUtils/]: Detected IPv6 address: "2a02:8388:e5bb:a400:ad9a:7017:9f18:2975"
[28Juni2026 14:55:12.717] [LanServerDetector #2/DEBUG] [net.minecraftforge.network.DualStackUtils/]: Detected IPv6 address: "2a02:8388:e5bb:a400:ad9a:7017:9f18:2975"
[28Juni2026 14:55:14.218] [LanServerDetector #2/DEBUG] [net.minecraftforge.network.DualStackUtils/]: Detected IPv6 address: "2a02:8388:e5bb:a400:ad9a:7017:9f18:2975"
[28Juni2026 14:55:15.719] [LanServerDetector #2/DEBUG] [net.minecraftforge.network.DualStackUtils/]: Detected IPv6 address: "2a02:8388:e5bb:a400:ad9a:7017:9f18:2975"
[28Juni2026 14:55:17.221] [LanServerDetector #2/DEBUG] [net.minecraftforge.network.DualStackUtils/]: Detected IPv6 address: "2a02:8388:e5bb:a400:ad9a:7017:9f18:2975"
[28Juni2026 14:55:18.723] [LanServerDetector #2/DEBUG] [net.minecraftforge.network.DualStackUtils/]: Detected IPv6 address: "2a02:8388:e5bb:a400:ad9a:7017:9f18:2975"
[28Juni2026 14:55:20.240] [LanServerDetector #2/DEBUG] [net.minecraftforge.network.DualStackUtils/]: Detected IPv6 address: "2a02:8388:e5bb:a400:ad9a:7017:9f18:2975"
[28Juni2026 14:55:21.737] [LanServerDetector #2/DEBUG] [net.minecraftforge.network.DualStackUtils/]: Detected IPv6 address: "2a02:8388:e5bb:a400:ad9a:7017:9f18:2975"
[28Juni2026 14:55:23.238] [LanServerDetector #2/DEBUG] [net.minecraftforge.network.DualStackUtils/]: Detected IPv6 address: "2a02:8388:e5bb:a400:ad9a:7017:9f18:2975"
[28Juni2026 14:55:24.742] [LanServerDetector #2/DEBUG] [net.minecraftforge.network.DualStackUtils/]: Detected IPv6 address: "2a02:8388:e5bb:a400:ad9a:7017:9f18:2975"
[28Juni2026 14:55:26.260] [LanServerDetector #2/DEBUG] [net.minecraftforge.network.DualStackUtils/]: Detected IPv6 address: "2a02:8388:e5bb:a400:ad9a:7017:9f18:2975"
[28Juni2026 14:55:27.749] [LanServerDetector #2/DEBUG] [net.minecraftforge.network.DualStackUtils/]: Detected IPv6 address: "2a02:8388:e5bb:a400:ad9a:7017:9f18:2975"
[28Juni2026 14:55:29.251] [LanServerDetector #2/DEBUG] [net.minecraftforge.network.DualStackUtils/]: Detected IPv6 address: "2a02:8388:e5bb:a400:ad9a:7017:9f18:2975"
[28Juni2026 14:55:30.752] [LanServerDetector #2/DEBUG] [net.minecraftforge.network.DualStackUtils/]: Detected IPv6 address: "2a02:8388:e5bb:a400:ad9a:7017:9f18:2975"
[28Juni2026 14:55:32.253] [LanServerDetector #2/DEBUG] [net.minecraftforge.network.DualStackUtils/]: Detected IPv6 address: "2a02:8388:e5bb:a400:ad9a:7017:9f18:2975"
[28Juni2026 14:55:33.754] [LanServerDetector #2/DEBUG] [net.minecraftforge.network.DualStackUtils/]: Detected IPv6 address: "2a02:8388:e5bb:a400:ad9a:7017:9f18:2975"
[28Juni2026 14:55:35.257] [LanServerDetector #2/DEBUG] [net.minecraftforge.network.DualStackUtils/]: Detected IPv6 address: "2a02:8388:e5bb:a400:ad9a:7017:9f18:2975"
[28Juni2026 14:55:36.757] [LanServerDetector #2/DEBUG] [net.minecraftforge.network.DualStackUtils/]: Detected IPv6 address: "2a02:8388:e5bb:a400:ad9a:7017:9f18:2975"
[28Juni2026 14:55:38.260] [LanServerDetector #2/DEBUG] [net.minecraftforge.network.DualStackUtils/]: Detected IPv6 address: "2a02:8388:e5bb:a400:ad9a:7017:9f18:2975"
[28Juni2026 14:55:39.762] [LanServerDetector #2/DEBUG] [net.minecraftforge.network.DualStackUtils/]: Detected IPv6 address: "2a02:8388:e5bb:a400:ad9a:7017:9f18:2975"
[28Juni2026 14:55:41.263] [LanServerDetector #2/DEBUG] [net.minecraftforge.network.DualStackUtils/]: Detected IPv6 address: "2a02:8388:e5bb:a400:ad9a:7017:9f18:2975"
[28Juni2026 14:55:42.767] [LanServerDetector #2/DEBUG] [net.minecraftforge.network.DualStackUtils/]: Detected IPv6 address: "2a02:8388:e5bb:a400:ad9a:7017:9f18:2975"
[28Juni2026 14:55:44.267] [LanServerDetector #2/DEBUG] [net.minecraftforge.network.DualStackUtils/]: Detected IPv6 address: "2a02:8388:e5bb:a400:ad9a:7017:9f18:2975"
[28Juni2026 14:55:45.768] [LanServerDetector #2/DEBUG] [net.minecraftforge.network.DualStackUtils/]: Detected IPv6 address: "2a02:8388:e5bb:a400:ad9a:7017:9f18:2975"
[28Juni2026 14:55:47.269] [LanServerDetector #2/DEBUG] [net.minecraftforge.network.DualStackUtils/]: Detected IPv6 address: "2a02:8388:e5bb:a400:ad9a:7017:9f18:2975"
[28Juni2026 14:55:48.769] [LanServerDetector #2/DEBUG] [net.minecraftforge.network.DualStackUtils/]: Detected IPv6 address: "2a02:8388:e5bb:a400:ad9a:7017:9f18:2975"
[28Juni2026 14:55:50.270] [LanServerDetector #2/DEBUG] [net.minecraftforge.network.DualStackUtils/]: Detected IPv6 address: "2a02:8388:e5bb:a400:ad9a:7017:9f18:2975"
[28Juni2026 14:55:51.771] [LanServerDetector #2/DEBUG] [net.minecraftforge.network.DualStackUtils/]: Detected IPv6 address: "2a02:8388:e5bb:a400:ad9a:7017:9f18:2975"
[28Juni2026 14:55:53.295] [LanServerDetector #2/DEBUG] [net.minecraftforge.network.DualStackUtils/]: Detected IPv6 address: "2a02:8388:e5bb:a400:ad9a:7017:9f18:2975"
[28Juni2026 14:55:54.848] [LanServerDetector #2/DEBUG] [net.minecraftforge.network.DualStackUtils/]: Detected IPv6 address: "2a02:8388:e5bb:a400:ad9a:7017:9f18:2975"
[28Juni2026 14:55:56.363] [LanServerDetector #2/DEBUG] [net.minecraftforge.network.DualStackUtils/]: Detected IPv6 address: "2a02:8388:e5bb:a400:ad9a:7017:9f18:2975"
[28Juni2026 14:55:57.864] [LanServerDetector #2/DEBUG] [net.minecraftforge.network.DualStackUtils/]: Detected IPv6 address: "2a02:8388:e5bb:a400:ad9a:7017:9f18:2975"
[28Juni2026 14:55:59.394] [LanServerDetector #2/DEBUG] [net.minecraftforge.network.DualStackUtils/]: Detected IPv6 address: "2a02:8388:e5bb:a400:ad9a:7017:9f18:2975"
[28Juni2026 14:56:00.925] [LanServerDetector #2/DEBUG] [net.minecraftforge.network.DualStackUtils/]: Detected IPv6 address: "2a02:8388:e5bb:a400:ad9a:7017:9f18:2975"
[28Juni2026 14:56:02.440] [LanServerDetector #2/DEBUG] [net.minecraftforge.network.DualStackUtils/]: Detected IPv6 address: "2a02:8388:e5bb:a400:ad9a:7017:9f18:2975"
[28Juni2026 14:56:03.972] [LanServerDetector #2/DEBUG] [net.minecraftforge.network.DualStackUtils/]: Detected IPv6 address: "2a02:8388:e5bb:a400:ad9a:7017:9f18:2975"
[28Juni2026 14:56:05.487] [LanServerDetector #2/DEBUG] [net.minecraftforge.network.DualStackUtils/]: Detected IPv6 address: "2a02:8388:e5bb:a400:ad9a:7017:9f18:2975"
[28Juni2026 14:56:07.001] [LanServerDetector #2/DEBUG] [net.minecraftforge.network.DualStackUtils/]: Detected IPv6 address: "2a02:8388:e5bb:a400:ad9a:7017:9f18:2975"
[28Juni2026 14:56:08.536] [LanServerDetector #2/DEBUG] [net.minecraftforge.network.DualStackUtils/]: Detected IPv6 address: "2a02:8388:e5bb:a400:ad9a:7017:9f18:2975"
[28Juni2026 14:56:10.073] [LanServerDetector #2/DEBUG] [net.minecraftforge.network.DualStackUtils/]: Detected IPv6 address: "2a02:8388:e5bb:a400:ad9a:7017:9f18:2975"
[28Juni2026 14:56:11.587] [LanServerDetector #2/DEBUG] [net.minecraftforge.network.DualStackUtils/]: Detected IPv6 address: "2a02:8388:e5bb:a400:ad9a:7017:9f18:2975"
[28Juni2026 14:56:13.102] [LanServerDetector #2/DEBUG] [net.minecraftforge.network.DualStackUtils/]: Detected IPv6 address: "2a02:8388:e5bb:a400:ad9a:7017:9f18:2975"
[28Juni2026 14:56:14.631] [LanServerDetector #2/DEBUG] [net.minecraftforge.network.DualStackUtils/]: Detected IPv6 address: "2a02:8388:e5bb:a400:ad9a:7017:9f18:2975"
[28Juni2026 14:56:16.152] [LanServerDetector #2/DEBUG] [net.minecraftforge.network.DualStackUtils/]: Detected IPv6 address: "2a02:8388:e5bb:a400:ad9a:7017:9f18:2975"
[28Juni2026 14:56:17.672] [LanServerDetector #2/DEBUG] [net.minecraftforge.network.DualStackUtils/]: Detected IPv6 address: "2a02:8388:e5bb:a400:ad9a:7017:9f18:2975"
[28Juni2026 14:56:19.183] [LanServerDetector #2/DEBUG] [net.minecraftforge.network.DualStackUtils/]: Detected IPv6 address: "2a02:8388:e5bb:a400:ad9a:7017:9f18:2975"
[28Juni2026 14:56:20.703] [LanServerDetector #2/DEBUG] [net.minecraftforge.network.DualStackUtils/]: Detected IPv6 address: "2a02:8388:e5bb:a400:ad9a:7017:9f18:2975"
[28Juni2026 14:56:22.307] [LanServerDetector #2/DEBUG] [net.minecraftforge.network.DualStackUtils/]: Detected IPv6 address: "2a02:8388:e5bb:a400:ad9a:7017:9f18:2975"
[28Juni2026 14:56:23.812] [LanServerDetector #2/DEBUG] [net.minecraftforge.network.DualStackUtils/]: Detected IPv6 address: "2a02:8388:e5bb:a400:ad9a:7017:9f18:2975"
[28Juni2026 14:56:25.341] [LanServerDetector #2/DEBUG] [net.minecraftforge.network.DualStackUtils/]: Detected IPv6 address: "2a02:8388:e5bb:a400:ad9a:7017:9f18:2975"
[28Juni2026 14:56:26.852] [LanServerDetector #2/DEBUG] [net.minecraftforge.network.DualStackUtils/]: Detected IPv6 address: "2a02:8388:e5bb:a400:ad9a:7017:9f18:2975"
[28Juni2026 14:56:28.358] [LanServerDetector #2/DEBUG] [net.minecraftforge.network.DualStackUtils/]: Detected IPv6 address: "2a02:8388:e5bb:a400:ad9a:7017:9f18:2975"
[28Juni2026 14:56:29.891] [LanServerDetector #2/DEBUG] [net.minecraftforge.network.DualStackUtils/]: Detected IPv6 address: "2a02:8388:e5bb:a400:ad9a:7017:9f18:2975"
[28Juni2026 14:56:31.410] [LanServerDetector #2/DEBUG] [net.minecraftforge.network.DualStackUtils/]: Detected IPv6 address: "2a02:8388:e5bb:a400:ad9a:7017:9f18:2975"
[28Juni2026 14:56:32.954] [LanServerDetector #2/DEBUG] [net.minecraftforge.network.DualStackUtils/]: Detected IPv6 address: "2a02:8388:e5bb:a400:ad9a:7017:9f18:2975"
[28Juni2026 14:56:34.545] [LanServerDetector #2/DEBUG] [net.minecraftforge.network.DualStackUtils/]: Detected IPv6 address: "2a02:8388:e5bb:a400:ad9a:7017:9f18:2975"
[28Juni2026 14:56:36.547] [LanServerDetector #2/DEBUG] [net.minecraftforge.network.DualStackUtils/]: Detected IPv6 address: "2a02:8388:e5bb:a400:ad9a:7017:9f18:2975"
[28Juni2026 14:56:38.063] [LanServerDetector #2/DEBUG] [net.minecraftforge.network.DualStackUtils/]: Detected IPv6 address: "2a02:8388:e5bb:a400:ad9a:7017:9f18:2975"
[28Juni2026 14:56:39.571] [LanServerDetector #2/DEBUG] [net.minecraftforge.network.DualStackUtils/]: Detected IPv6 address: "2a02:8388:e5bb:a400:ad9a:7017:9f18:2975"
[28Juni2026 14:56:41.090] [LanServerDetector #2/DEBUG] [net.minecraftforge.network.DualStackUtils/]: Detected IPv6 address: "2a02:8388:e5bb:a400:ad9a:7017:9f18:2975"
[28Juni2026 14:56:42.608] [LanServerDetector #2/DEBUG] [net.minecraftforge.network.DualStackUtils/]: Detected IPv6 address: "2a02:8388:e5bb:a400:ad9a:7017:9f18:2975"
[28Juni2026 14:56:44.109] [LanServerDetector #2/DEBUG] [net.minecraftforge.network.DualStackUtils/]: Detected IPv6 address: "2a02:8388:e5bb:a400:ad9a:7017:9f18:2975"
[28Juni2026 14:56:45.624] [LanServerDetector #2/DEBUG] [net.minecraftforge.network.DualStackUtils/]: Detected IPv6 address: "2a02:8388:e5bb:a400:ad9a:7017:9f18:2975"
[28Juni2026 14:56:47.169] [LanServerDetector #2/DEBUG] [net.minecraftforge.network.DualStackUtils/]: Detected IPv6 address: "2a02:8388:e5bb:a400:ad9a:7017:9f18:2975"
[28Juni2026 14:56:49.183] [LanServerDetector #2/DEBUG] [net.minecraftforge.network.DualStackUtils/]: Detected IPv6 address: "2a02:8388:e5bb:a400:ad9a:7017:9f18:2975"
[28Juni2026 14:56:50.691] [LanServerDetector #2/DEBUG] [net.minecraftforge.network.DualStackUtils/]: Detected IPv6 address: "2a02:8388:e5bb:a400:ad9a:7017:9f18:2975"
[28Juni2026 14:56:52.203] [LanServerDetector #2/DEBUG] [net.minecraftforge.network.DualStackUtils/]: Detected IPv6 address: "2a02:8388:e5bb:a400:ad9a:7017:9f18:2975"
[28Juni2026 14:56:53.728] [LanServerDetector #2/DEBUG] [net.minecraftforge.network.DualStackUtils/]: Detected IPv6 address: "2a02:8388:e5bb:a400:ad9a:7017:9f18:2975"
[28Juni2026 14:56:55.293] [LanServerDetector #2/DEBUG] [net.minecraftforge.network.DualStackUtils/]: Detected IPv6 address: "2a02:8388:e5bb:a400:ad9a:7017:9f18:2975"
[28Juni2026 14:56:56.078] [Render thread/INFO] [net.minecraft.client.Minecraft/]: Stopping!
